Order ID,Order Date,Ship Date,Product Category,Sub-Category,Customer Segment,Region,Country,City,Sales,Quantity,Discount,Profit,Ship Mode
DEMO-00001,2024-07-30,2024-08-06,Technology,Machines,Home Office,West,Germany,Demo City 22,504.02,5,0.3,-125.56,Same Day
DEMO-00002,2024-03-16,2024-03-22,Furniture,Tables,Corporate,North,United Kingdom,Demo City 14,438.9,5,0.05,68.22,Standard Class
DEMO-00003,2025-02-06,2025-02-09,Technology,Phones,Home Office,East,Japan,Demo City 14,43.44,1,0.3,-1.62,Same Day
DEMO-00004,2025-03-24,2025-03-29,Office Supplies,Storage,Home Office,West,Germany,Demo City 11,185.48,3,0.1,30.52,Same Day
DEMO-00005,2025-01-21,2025-01-25,Furniture,Chairs,Consumer,South,Australia,Demo City 17,591.56,5,0.1,59.94,First Class
DEMO-00006,2024-04-21,2024-04-27,Office Supplies,Storage,Corporate,South,Brazil,Demo City 27,719.08,10,0.2,-21.47,Second Class
DEMO-00007,2025-05-04,2025-05-09,Technology,Accessories,Home Office,East,Japan,Demo City 9,95.99,2,0.0,20.61,Same Day
DEMO-00008,2024-12-17,2024-12-21,Furniture,Bookcases,Corporate,South,Australia,Demo City 3,1130.39,7,0.0,86.02,Same Day
DEMO-00009,2024-01-16,2024-01-20,Furniture,Bookcases,Consumer,East,Japan,Demo City 9,622.64,7,0.1,45.55,Second Class
DEMO-00010,2024-04-20,2024-04-25,Office Supplies,Paper,Corporate,West,United States,Demo City 16,207.45,3,0.0,40.89,Same Day
DEMO-00011,2023-04-27,2023-04-28,Office Supplies,Storage,Home Office,East,India,Demo City 21,129.09,5,0.3,-7.56,Second Class
DEMO-00012,2023-07-02,2023-07-05,Office Supplies,Paper,Consumer,North,United Kingdom,Demo City 21,397.43,6,0.0,103.27,First Class
DEMO-00013,2024-06-26,2024-07-01,Furniture,Tables,Consumer,South,Australia,Demo City 23,19.41,1,0.0,4.43,Same Day
DEMO-00014,2024-05-04,2024-05-11,Technology,Phones,Corporate,West,United States,Demo City 22,304.46,8,0.1,0.3,Standard Class
DEMO-00015,2024-06-23,2024-06-29,Office Supplies,Binders,Corporate,South,Australia,Demo City 10,92.8,7,0.0,17.51,First Class
DEMO-00016,2023-07-16,2023-07-20,Technology,Phones,Consumer,East,India,Demo City 20,422.22,8,0.0,87.15,Standard Class
DEMO-00017,2024-05-04,2024-05-07,Office Supplies,Binders,Corporate,North,Canada,Demo City 9,144.32,7,0.0,19.23,Standard Class
DEMO-00018,2025-01-04,2025-01-08,Technology,Accessories,Home Office,West,United States,Demo City 5,554.39,6,0.2,160.56,First Class
DEMO-00019,2023-11-08,2023-11-09,Furniture,Tables,Home Office,South,Australia,Demo City 1,95.51,3,0.05,7.07,Same Day
DEMO-00020,2025-03-10,2025-03-16,Furniture,Bookcases,Home Office,North,Canada,Demo City 10,209.82,7,0.0,36.41,Standard Class
DEMO-00021,2023-12-06,2023-12-12,Furniture,Tables,Home Office,West,Germany,Demo City 29,73.4,3,0.0,31.96,Second Class
DEMO-00022,2023-07-17,2023-07-19,Technology,Accessories,Consumer,West,Germany,Demo City 9,175.1,4,0.1,6.38,Second Class
DEMO-00023,2023-05-07,2023-05-11,Office Supplies,Binders,Consumer,West,United States,Demo City 1,519.2,10,0.2,18.57,Same Day
DEMO-00024,2023-01-06,2023-01-13,Furniture,Bookcases,Consumer,East,India,Demo City 1,835.92,5,0.0,168.85,Standard Class
DEMO-00025,2023-11-04,2023-11-07,Technology,Machines,Home Office,West,Germany,Demo City 10,313.9,2,0.0,14.8,Same Day
DEMO-00026,2023-01-20,2023-01-25,Furniture,Bookcases,Consumer,East,India,Demo City 9,299.83,2,0.0,57.23,First Class
DEMO-00027,2023-04-03,2023-04-09,Office Supplies,Storage,Consumer,East,Japan,Demo City 14,238.8,7,0.0,69.23,Standard Class
DEMO-00028,2023-12-10,2023-12-17,Furniture,Tables,Consumer,West,United States,Demo City 29,531.39,5,0.05,112.69,Same Day
DEMO-00029,2025-03-30,2025-04-02,Furniture,Chairs,Home Office,North,United Kingdom,Demo City 5,126.2,7,0.2,7.68,First Class
DEMO-00030,2024-12-27,2024-12-28,Technology,Phones,Home Office,West,Germany,Demo City 8,246.86,9,0.1,37.74,Same Day
DEMO-00031,2023-05-05,2023-05-10,Furniture,Bookcases,Home Office,North,Canada,Demo City 9,173.37,6,0.2,-9.57,Second Class
DEMO-00032,2025-08-23,2025-08-24,Furniture,Tables,Corporate,North,Canada,Demo City 11,647.87,3,0.2,258.25,Standard Class
DEMO-00033,2023-06-20,2023-06-22,Technology,Accessories,Consumer,West,United States,Demo City 14,350.98,4,0.0,81.49,Standard Class
DEMO-00034,2024-07-19,2024-07-24,Furniture,Bookcases,Corporate,North,United Kingdom,Demo City 25,28.27,1,0.0,6.69,Second Class
DEMO-00035,2023-09-07,2023-09-09,Office Supplies,Binders,Corporate,East,Japan,Demo City 29,593.07,10,0.3,-15.82,Second Class
DEMO-00036,2023-04-27,2023-04-28,Technology,Accessories,Home Office,North,Canada,Demo City 21,88.02,5,0.1,22.7,Standard Class
DEMO-00037,2024-11-18,2024-11-23,Office Supplies,Binders,Home Office,West,Germany,Demo City 23,303.53,10,0.5,-34.41,Standard Class
DEMO-00038,2025-01-21,2025-01-26,Office Supplies,Paper,Consumer,East,India,Demo City 2,30.69,6,0.3,-1.33,Standard Class
DEMO-00039,2025-03-17,2025-03-20,Furniture,Tables,Corporate,South,Brazil,Demo City 6,61.52,5,0.0,17.45,First Class
DEMO-00040,2024-05-19,2024-05-23,Technology,Machines,Home Office,South,Australia,Demo City 15,2173.44,11,0.3,274.48,First Class
DEMO-00041,2023-02-08,2023-02-10,Technology,Accessories,Home Office,West,Germany,Demo City 16,150.3,6,0.2,25.36,Same Day
DEMO-00042,2024-07-26,2024-08-02,Office Supplies,Storage,Consumer,North,United Kingdom,Demo City 29,1490.94,7,0.0,399.12,Same Day
DEMO-00043,2023-04-09,2023-04-11,Technology,Machines,Corporate,West,United States,Demo City 2,175.13,7,0.2,-12.55,Standard Class
DEMO-00044,2025-01-13,2025-01-17,Furniture,Bookcases,Home Office,East,India,Demo City 28,152.06,2,0.1,-24.32,Same Day
DEMO-00045,2025-02-28,2025-03-01,Furniture,Tables,Corporate,South,Brazil,Demo City 22,524.21,7,0.3,-107.35,Second Class
DEMO-00046,2024-11-25,2024-11-27,Office Supplies,Storage,Corporate,West,United States,Demo City 16,441.9,8,0.05,77.61,Second Class
DEMO-00047,2023-05-21,2023-05-27,Technology,Phones,Corporate,North,United Kingdom,Demo City 29,36.86,2,0.3,-1.11,Same Day
DEMO-00048,2025-07-15,2025-07-22,Furniture,Tables,Consumer,West,Germany,Demo City 9,841.41,6,0.05,210.62,Same Day
DEMO-00049,2023-04-15,2023-04-19,Office Supplies,Storage,Home Office,East,India,Demo City 13,61.42,2,0.1,7.86,Second Class
DEMO-00050,2024-08-19,2024-08-20,Office Supplies,Binders,Home Office,South,Brazil,Demo City 2,353.79,5,0.05,63.91,Same Day
DEMO-00051,2025-01-15,2025-01-22,Office Supplies,Storage,Consumer,South,Australia,Demo City 8,509.69,10,0.0,138.24,Standard Class
DEMO-00052,2025-09-22,2025-09-23,Furniture,Chairs,Consumer,North,United Kingdom,Demo City 5,291.85,9,0.0,70.79,Standard Class
DEMO-00053,2025-01-02,2025-01-08,Office Supplies,Storage,Home Office,East,Japan,Demo City 4,56.11,9,0.0,5.53,Same Day
DEMO-00054,2024-08-23,2024-08-28,Office Supplies,Paper,Home Office,East,Japan,Demo City 14,235.63,10,0.0,80.69,Standard Class
DEMO-00055,2025-03-31,2025-04-05,Office Supplies,Binders,Consumer,East,India,Demo City 3,269.18,3,0.05,95.29,First Class
DEMO-00056,2025-04-23,2025-04-25,Technology,Accessories,Home Office,North,Canada,Demo City 18,997.59,10,0.2,-22.55,Second Class
DEMO-00057,2024-08-15,2024-08-18,Furniture,Tables,Corporate,West,United States,Demo City 17,493.13,8,0.1,134.86,First Class
DEMO-00058,2025-09-27,2025-10-01,Technology,Phones,Consumer,East,India,Demo City 30,445.92,11,0.0,98.93,Standard Class
DEMO-00059,2025-11-29,2025-12-02,Office Supplies,Paper,Corporate,South,Brazil,Demo City 26,240.59,4,0.1,26.92,Standard Class
DEMO-00060,2023-06-11,2023-06-13,Office Supplies,Paper,Corporate,East,Japan,Demo City 11,141.29,4,0.0,58.28,First Class
DEMO-00061,2024-01-11,2024-01-15,Furniture,Chairs,Corporate,East,Japan,Demo City 16,613.66,8,0.2,5.7,First Class
DEMO-00062,2025-07-19,2025-07-23,Furniture,Bookcases,Corporate,South,Australia,Demo City 9,293.91,6,0.2,35.18,Same Day
DEMO-00063,2025-08-09,2025-08-15,Technology,Machines,Consumer,South,Australia,Demo City 3,762.73,10,0.1,148.63,Second Class
DEMO-00064,2024-04-23,2024-04-29,Furniture,Bookcases,Home Office,South,Brazil,Demo City 13,19.11,2,0.05,2.05,Second Class
DEMO-00065,2023-03-25,2023-04-01,Office Supplies,Binders,Home Office,North,Canada,Demo City 13,25.53,7,0.0,2.93,Second Class
DEMO-00066,2025-01-09,2025-01-11,Office Supplies,Storage,Corporate,East,India,Demo City 15,394.53,8,0.05,54.12,Standard Class
DEMO-00067,2025-05-27,2025-06-03,Office Supplies,Binders,Consumer,North,Canada,Demo City 16,198.67,10,0.5,-49.97,Second Class
DEMO-00068,2025-10-03,2025-10-05,Office Supplies,Paper,Consumer,South,Brazil,Demo City 8,56.44,1,0.2,13.42,Same Day
DEMO-00069,2025-03-02,2025-03-06,Office Supplies,Paper,Consumer,North,United Kingdom,Demo City 9,86.0,3,0.05,24.53,Standard Class
DEMO-00070,2024-11-03,2024-11-04,Office Supplies,Storage,Corporate,West,Germany,Demo City 23,292.3,8,0.2,9.03,First Class
DEMO-00071,2024-02-10,2024-02-14,Office Supplies,Binders,Home Office,South,Australia,Demo City 10,583.03,10,0.1,209.43,First Class
DEMO-00072,2023-01-25,2023-01-28,Technology,Machines,Home Office,West,United States,Demo City 19,117.13,4,0.1,0.98,First Class
DEMO-00073,2025-01-26,2025-01-30,Furniture,Tables,Consumer,North,Canada,Demo City 5,158.27,4,0.0,16.09,First Class
DEMO-00074,2025-05-29,2025-06-03,Furniture,Bookcases,Corporate,North,Canada,Demo City 30,213.02,4,0.2,-26.54,Same Day
DEMO-00075,2023-03-23,2023-03-24,Furniture,Tables,Home Office,West,Germany,Demo City 25,282.43,8,0.5,-77.29,Second Class
DEMO-00076,2025-06-18,2025-06-24,Furniture,Bookcases,Home Office,East,Japan,Demo City 20,128.27,8,0.5,-14.77,Second Class
DEMO-00077,2025-07-30,2025-08-03,Technology,Phones,Home Office,North,Canada,Demo City 8,29.11,1,0.2,4.29,Second Class
DEMO-00078,2024-05-01,2024-05-07,Technology,Phones,Consumer,West,Germany,Demo City 2,26.38,1,0.1,4.75,Second Class
DEMO-00079,2023-01-09,2023-01-16,Office Supplies,Storage,Home Office,North,Canada,Demo City 12,27.02,2,0.2,2.8,Same Day
DEMO-00080,2025-11-08,2025-11-12,Furniture,Chairs,Home Office,North,United Kingdom,Demo City 16,93.48,3,0.2,5.03,Standard Class
DEMO-00081,2024-07-27,2024-07-30,Office Supplies,Storage,Home Office,South,Australia,Demo City 28,187.13,10,0.2,-44.82,Second Class
DEMO-00082,2025-01-13,2025-01-14,Office Supplies,Storage,Corporate,East,India,Demo City 14,192.81,5,0.05,2.68,First Class
DEMO-00083,2023-05-11,2023-05-16,Furniture,Chairs,Home Office,West,Germany,Demo City 26,374.23,11,0.05,48.82,First Class
DEMO-00084,2023-04-23,2023-04-26,Office Supplies,Paper,Consumer,East,India,Demo City 11,1089.85,5,0.3,-39.13,Standard Class
DEMO-00085,2025-08-29,2025-09-05,Furniture,Bookcases,Home Office,North,Canada,Demo City 16,635.1,5,0.2,7.08,First Class
DEMO-00086,2023-12-02,2023-12-06,Office Supplies,Storage,Home Office,South,Brazil,Demo City 7,114.78,10,0.0,27.3,First Class
DEMO-00087,2024-01-15,2024-01-22,Furniture,Chairs,Consumer,East,India,Demo City 2,368.87,4,0.0,81.86,First Class
DEMO-00088,2024-10-06,2024-10-11,Technology,Phones,Home Office,West,Germany,Demo City 21,693.85,9,0.1,184.01,Same Day
DEMO-00089,2023-12-16,2023-12-23,Technology,Machines,Corporate,West,United States,Demo City 29,485.87,3,0.1,29.12,Second Class
DEMO-00090,2024-09-18,2024-09-19,Technology,Machines,Corporate,North,United Kingdom,Demo City 8,256.35,11,0.0,-25.24,First Class
DEMO-00091,2025-09-10,2025-09-15,Office Supplies,Binders,Consumer,South,Brazil,Demo City 30,43.18,1,0.0,13.21,Second Class
DEMO-00092,2023-06-28,2023-06-29,Furniture,Chairs,Corporate,South,Brazil,Demo City 9,411.4,5,0.0,22.95,Second Class
DEMO-00093,2023-09-08,2023-09-11,Technology,Accessories,Consumer,South,Brazil,Demo City 28,95.03,5,0.2,3.65,Second Class
DEMO-00094,2024-06-25,2024-06-29,Office Supplies,Storage,Home Office,East,India,Demo City 6,261.0,3,0.05,2.79,Standard Class
DEMO-00095,2025-06-13,2025-06-14,Furniture,Chairs,Consumer,North,Canada,Demo City 22,103.67,2,0.3,8.12,First Class
DEMO-00096,2023-11-04,2023-11-10,Furniture,Tables,Corporate,North,Canada,Demo City 14,65.28,7,0.1,8.28,Standard Class
DEMO-00097,2025-11-26,2025-12-01,Office Supplies,Storage,Home Office,West,Germany,Demo City 3,351.4,10,0.05,9.03,Second Class
DEMO-00098,2024-07-18,2024-07-21,Office Supplies,Binders,Consumer,West,United States,Demo City 25,264.06,4,0.2,52.8,Standard Class
DEMO-00099,2025-07-14,2025-07-19,Office Supplies,Paper,Home Office,North,United Kingdom,Demo City 25,112.98,4,0.0,2.98,Second Class
DEMO-00100,2023-03-07,2023-03-09,Technology,Machines,Corporate,West,United States,Demo City 4,376.91,7,0.0,18.39,Same Day
DEMO-00101,2024-09-19,2024-09-26,Technology,Phones,Home Office,North,United Kingdom,Demo City 13,96.91,1,0.5,-13.92,First Class
DEMO-00102,2024-01-12,2024-01-17,Technology,Machines,Home Office,East,India,Demo City 6,62.63,4,0.0,15.12,Standard Class
DEMO-00103,2023-07-22,2023-07-26,Technology,Accessories,Corporate,East,India,Demo City 23,140.53,3,0.3,-16.36,First Class
DEMO-00104,2025-10-09,2025-10-13,Furniture,Bookcases,Consumer,East,Japan,Demo City 2,110.17,7,0.2,1.29,Same Day
DEMO-00105,2023-06-25,2023-06-30,Furniture,Tables,Consumer,East,India,Demo City 11,295.27,5,0.0,38.9,Same Day
DEMO-00106,2024-01-11,2024-01-15,Technology,Machines,Home Office,North,United Kingdom,Demo City 20,178.18,3,0.3,-27.52,Same Day
DEMO-00107,2025-11-05,2025-11-09,Furniture,Tables,Consumer,South,Brazil,Demo City 24,28.04,6,0.2,2.73,Same Day
DEMO-00108,2024-05-14,2024-05-15,Office Supplies,Paper,Home Office,West,Germany,Demo City 30,1372.37,9,0.0,549.61,Second Class
DEMO-00109,2024-09-17,2024-09-22,Office Supplies,Binders,Corporate,East,Japan,Demo City 1,618.28,10,0.05,327.05,First Class
DEMO-00110,2025-04-21,2025-04-22,Furniture,Chairs,Consumer,West,Germany,Demo City 10,279.19,6,0.0,59.59,First Class
DEMO-00111,2024-10-01,2024-10-08,Technology,Accessories,Consumer,South,Brazil,Demo City 15,146.3,11,0.0,25.31,Standard Class
DEMO-00112,2023-01-10,2023-01-14,Office Supplies,Paper,Home Office,North,Canada,Demo City 8,261.35,6,0.1,38.8,First Class
DEMO-00113,2023-11-27,2023-12-04,Office Supplies,Storage,Home Office,South,Australia,Demo City 4,75.12,2,0.05,10.15,Same Day
DEMO-00114,2023-09-01,2023-09-05,Furniture,Tables,Consumer,West,United States,Demo City 25,637.26,11,0.0,209.91,Same Day
DEMO-00115,2023-04-27,2023-05-03,Office Supplies,Binders,Corporate,East,India,Demo City 16,280.97,6,0.0,40.06,First Class
DEMO-00116,2023-02-17,2023-02-19,Office Supplies,Binders,Home Office,South,Australia,Demo City 13,247.23,5,0.1,24.06,Standard Class
DEMO-00117,2024-12-13,2024-12-16,Technology,Phones,Corporate,West,Germany,Demo City 6,36.31,2,0.05,2.08,Standard Class
DEMO-00118,2025-02-27,2025-03-01,Office Supplies,Paper,Consumer,East,India,Demo City 9,199.9,10,0.3,9.7,Standard Class
DEMO-00119,2024-05-09,2024-05-13,Technology,Accessories,Corporate,West,United States,Demo City 25,393.49,10,0.2,108.55,Second Class
DEMO-00120,2023-06-10,2023-06-12,Furniture,Tables,Corporate,North,Canada,Demo City 29,244.05,2,0.5,12.86,Standard Class
DEMO-00121,2025-09-29,2025-10-04,Technology,Phones,Corporate,South,Australia,Demo City 30,54.25,1,0.0,15.53,Second Class
DEMO-00122,2024-02-11,2024-02-15,Furniture,Bookcases,Consumer,East,Japan,Demo City 25,188.25,3,0.5,-109.71,Same Day
DEMO-00123,2023-03-01,2023-03-07,Office Supplies,Binders,Home Office,South,Australia,Demo City 25,30.03,1,0.05,12.51,Standard Class
DEMO-00124,2023-11-04,2023-11-06,Technology,Machines,Consumer,West,Germany,Demo City 12,219.83,5,0.2,-25.01,Second Class
DEMO-00125,2024-12-10,2024-12-13,Office Supplies,Binders,Home Office,North,Canada,Demo City 22,109.56,2,0.2,13.59,Second Class
DEMO-00126,2024-08-31,2024-09-02,Technology,Phones,Home Office,East,Japan,Demo City 30,470.35,7,0.1,-32.31,Same Day
DEMO-00127,2023-07-08,2023-07-11,Furniture,Tables,Home Office,North,United Kingdom,Demo City 22,175.2,5,0.3,-12.78,Second Class
DEMO-00128,2025-03-04,2025-03-11,Office Supplies,Paper,Corporate,East,India,Demo City 6,434.82,5,0.1,56.33,First Class
DEMO-00129,2023-12-22,2023-12-27,Furniture,Chairs,Corporate,South,Australia,Demo City 22,227.17,5,0.1,35.4,First Class
DEMO-00130,2025-04-02,2025-04-04,Technology,Machines,Home Office,North,United Kingdom,Demo City 6,118.44,4,0.0,-2.2,Standard Class
DEMO-00131,2025-03-22,2025-03-24,Office Supplies,Storage,Corporate,South,Australia,Demo City 17,120.99,2,0.05,22.44,First Class
DEMO-00132,2025-02-25,2025-03-04,Office Supplies,Binders,Corporate,West,Germany,Demo City 14,315.98,7,0.05,86.25,First Class
DEMO-00133,2023-07-13,2023-07-20,Furniture,Bookcases,Home Office,North,United Kingdom,Demo City 10,523.93,5,0.3,-42.93,Second Class
DEMO-00134,2024-03-17,2024-03-24,Office Supplies,Storage,Home Office,East,Japan,Demo City 10,142.24,6,0.2,-7.55,Same Day
DEMO-00135,2024-11-16,2024-11-20,Office Supplies,Storage,Consumer,West,United States,Demo City 19,447.7,9,0.2,153.75,First Class
DEMO-00136,2024-12-20,2024-12-26,Furniture,Chairs,Home Office,South,Brazil,Demo City 18,119.31,3,0.1,34.54,Standard Class
DEMO-00137,2025-02-05,2025-02-11,Furniture,Tables,Consumer,North,Canada,Demo City 4,619.16,4,0.2,25.21,Second Class
DEMO-00138,2025-08-19,2025-08-26,Furniture,Chairs,Home Office,West,United States,Demo City 19,417.16,3,0.0,215.72,Standard Class
DEMO-00139,2024-05-10,2024-05-11,Office Supplies,Storage,Home Office,North,United Kingdom,Demo City 18,447.99,9,0.05,44.13,Standard Class
DEMO-00140,2023-01-02,2023-01-09,Technology,Phones,Home Office,South,Australia,Demo City 1,623.47,7,0.1,85.19,First Class
DEMO-00141,2023-07-14,2023-07-17,Technology,Phones,Consumer,North,United Kingdom,Demo City 12,1172.15,9,0.5,-11.0,First Class
DEMO-00142,2024-03-08,2024-03-11,Office Supplies,Paper,Home Office,South,Brazil,Demo City 22,207.58,9,0.3,29.36,Same Day
DEMO-00143,2023-12-23,2023-12-25,Technology,Phones,Corporate,South,Brazil,Demo City 9,484.65,10,0.0,153.17,Standard Class
DEMO-00144,2024-01-06,2024-01-11,Furniture,Bookcases,Home Office,North,Canada,Demo City 11,37.09,1,0.1,3.45,Standard Class
DEMO-00145,2023-02-17,2023-02-18,Technology,Accessories,Corporate,North,Canada,Demo City 17,362.37,10,0.3,-35.26,First Class
DEMO-00146,2023-12-05,2023-12-08,Furniture,Tables,Consumer,South,Brazil,Demo City 19,409.18,9,0.1,131.45,Standard Class
DEMO-00147,2023-02-18,2023-02-24,Furniture,Chairs,Corporate,West,Germany,Demo City 21,65.38,2,0.0,19.76,Same Day
DEMO-00148,2025-11-09,2025-11-16,Office Supplies,Storage,Home Office,North,United Kingdom,Demo City 14,398.29,8,0.1,45.87,Standard Class
DEMO-00149,2025-03-27,2025-03-31,Furniture,Tables,Home Office,North,Canada,Demo City 12,100.68,8,0.05,2.95,First Class
DEMO-00150,2023-11-12,2023-11-15,Furniture,Chairs,Home Office,North,United Kingdom,Demo City 4,8.95,1,0.2,0.32,Same Day
DEMO-00151,2024-05-08,2024-05-12,Furniture,Tables,Home Office,East,India,Demo City 26,323.11,5,0.05,-3.54,Standard Class
DEMO-00152,2025-07-08,2025-07-15,Furniture,Chairs,Corporate,North,Canada,Demo City 25,185.47,3,0.3,10.86,Second Class
DEMO-00153,2023-11-26,2023-12-01,Office Supplies,Paper,Consumer,West,United States,Demo City 27,239.87,1,0.0,7.83,Standard Class
DEMO-00154,2023-07-17,2023-07-20,Furniture,Tables,Corporate,North,Canada,Demo City 8,207.7,5,0.0,21.17,Standard Class
DEMO-00155,2023-02-05,2023-02-12,Furniture,Bookcases,Consumer,South,Brazil,Demo City 23,89.71,3,0.2,2.48,Standard Class
DEMO-00156,2023-04-24,2023-04-30,Technology,Machines,Corporate,North,Canada,Demo City 5,978.31,7,0.0,170.88,Same Day
DEMO-00157,2025-09-29,2025-10-05,Furniture,Bookcases,Consumer,North,Canada,Demo City 25,138.79,5,0.05,29.79,Same Day
DEMO-00158,2025-05-20,2025-05-25,Technology,Accessories,Consumer,South,Australia,Demo City 20,292.66,6,0.5,-30.95,Second Class
DEMO-00159,2024-12-31,2025-01-03,Technology,Accessories,Corporate,North,United Kingdom,Demo City 25,38.7,2,0.3,7.24,First Class
DEMO-00160,2025-11-27,2025-12-01,Furniture,Tables,Corporate,West,Germany,Demo City 9,132.44,11,0.05,34.91,First Class
DEMO-00161,2023-12-01,2023-12-03,Furniture,Tables,Home Office,East,India,Demo City 30,175.43,4,0.05,62.5,Second Class
DEMO-00162,2025-11-28,2025-12-05,Office Supplies,Paper,Corporate,North,United Kingdom,Demo City 4,287.56,7,0.2,-14.47,First Class
DEMO-00163,2025-12-07,2025-12-08,Office Supplies,Binders,Consumer,North,United Kingdom,Demo City 29,684.5,11,0.05,49.74,First Class
DEMO-00164,2023-08-11,2023-08-15,Office Supplies,Binders,Consumer,East,India,Demo City 18,8.0,1,0.2,-1.53,Same Day
DEMO-00165,2025-01-05,2025-01-07,Office Supplies,Binders,Home Office,South,Australia,Demo City 5,913.11,10,0.05,153.28,Second Class
DEMO-00166,2025-10-16,2025-10-21,Technology,Machines,Home Office,East,India,Demo City 18,284.12,11,0.5,-80.66,Second Class
DEMO-00167,2025-03-09,2025-03-14,Technology,Machines,Corporate,North,Canada,Demo City 29,329.47,9,0.1,-60.19,Second Class
DEMO-00168,2025-02-12,2025-02-15,Technology,Machines,Home Office,South,Brazil,Demo City 2,51.06,2,0.2,5.03,Standard Class
DEMO-00169,2023-05-05,2023-05-08,Office Supplies,Storage,Corporate,East,Japan,Demo City 5,142.46,6,0.2,-2.46,Standard Class
DEMO-00170,2024-06-23,2024-06-26,Furniture,Chairs,Consumer,South,Australia,Demo City 16,244.75,6,0.0,65.85,Same Day
DEMO-00171,2025-12-20,2025-12-27,Technology,Machines,Corporate,South,Brazil,Demo City 11,607.41,9,0.5,-40.12,Second Class
DEMO-00172,2024-12-24,2024-12-25,Technology,Phones,Home Office,South,Brazil,Demo City 17,18.84,1,0.1,7.39,Second Class
DEMO-00173,2023-01-06,2023-01-12,Furniture,Bookcases,Consumer,West,United States,Demo City 22,15.11,1,0.3,0.41,First Class
DEMO-00174,2023-07-08,2023-07-15,Technology,Phones,Consumer,West,Germany,Demo City 24,230.09,7,0.05,59.24,Standard Class
DEMO-00175,2024-08-15,2024-08-21,Furniture,Chairs,Home Office,South,Brazil,Demo City 19,1437.11,11,0.0,424.16,Same Day
DEMO-00176,2025-11-23,2025-11-30,Furniture,Chairs,Home Office,West,Germany,Demo City 14,145.4,2,0.2,10.36,First Class
DEMO-00177,2023-05-05,2023-05-06,Office Supplies,Storage,Consumer,South,Brazil,Demo City 18,61.32,6,0.05,9.74,Same Day
DEMO-00178,2025-07-31,2025-08-02,Office Supplies,Paper,Home Office,South,Brazil,Demo City 25,314.32,11,0.2,33.15,Standard Class
DEMO-00179,2024-01-25,2024-01-27,Furniture,Bookcases,Consumer,East,Japan,Demo City 5,1362.06,11,0.5,-250.45,Standard Class
DEMO-00180,2024-07-09,2024-07-15,Technology,Machines,Corporate,East,India,Demo City 20,494.79,11,0.1,87.37,Same Day
DEMO-00181,2024-11-10,2024-11-17,Furniture,Bookcases,Corporate,West,United States,Demo City 10,1205.78,4,0.0,361.08,Same Day
DEMO-00182,2023-06-27,2023-07-01,Technology,Machines,Consumer,East,India,Demo City 24,158.61,3,0.05,6.05,First Class
DEMO-00183,2024-08-04,2024-08-08,Office Supplies,Paper,Corporate,North,United Kingdom,Demo City 29,238.33,11,0.0,-3.87,Second Class
DEMO-00184,2025-03-14,2025-03-19,Technology,Phones,Consumer,West,United States,Demo City 22,154.55,6,0.1,24.46,First Class
DEMO-00185,2025-02-24,2025-02-25,Furniture,Bookcases,Home Office,North,United Kingdom,Demo City 22,384.15,11,0.1,16.83,First Class
DEMO-00186,2023-11-27,2023-11-30,Office Supplies,Binders,Corporate,West,Germany,Demo City 24,1600.06,5,0.2,97.43,First Class
DEMO-00187,2023-02-19,2023-02-25,Office Supplies,Binders,Corporate,West,Germany,Demo City 16,525.01,5,0.1,62.91,Standard Class
DEMO-00188,2023-09-03,2023-09-10,Furniture,Bookcases,Consumer,East,India,Demo City 17,89.61,2,0.0,-8.18,Standard Class
DEMO-00189,2023-07-27,2023-08-03,Technology,Machines,Home Office,West,Germany,Demo City 6,132.87,2,0.0,32.9,First Class
DEMO-00190,2023-09-29,2023-10-02,Office Supplies,Binders,Consumer,North,United Kingdom,Demo City 22,239.63,4,0.1,32.7,First Class
DEMO-00191,2023-04-30,2023-05-06,Office Supplies,Paper,Corporate,East,India,Demo City 14,59.63,1,0.1,-1.37,Same Day
DEMO-00192,2025-02-26,2025-02-28,Technology,Machines,Home Office,North,Canada,Demo City 6,151.42,4,0.0,36.32,Second Class
DEMO-00193,2025-09-13,2025-09-15,Technology,Accessories,Home Office,South,Brazil,Demo City 2,194.05,2,0.1,-24.2,Same Day
DEMO-00194,2024-04-27,2024-05-04,Furniture,Bookcases,Home Office,South,Australia,Demo City 16,123.39,8,0.3,-42.56,Same Day
DEMO-00195,2024-06-22,2024-06-25,Furniture,Tables,Corporate,South,Australia,Demo City 23,8.0,1,0.0,2.03,First Class
DEMO-00196,2025-04-23,2025-04-30,Furniture,Bookcases,Home Office,West,Germany,Demo City 4,171.35,2,0.0,-3.85,Same Day
DEMO-00197,2024-04-17,2024-04-20,Technology,Machines,Corporate,South,Brazil,Demo City 19,722.28,5,0.05,86.02,Second Class
DEMO-00198,2023-03-07,2023-03-13,Technology,Phones,Home Office,North,Canada,Demo City 21,82.92,3,0.0,11.29,Standard Class
DEMO-00199,2023-11-24,2023-11-29,Office Supplies,Storage,Home Office,North,Canada,Demo City 13,292.28,9,0.05,48.02,Standard Class
DEMO-00200,2025-02-04,2025-02-06,Office Supplies,Storage,Home Office,South,Brazil,Demo City 19,926.91,11,0.05,-39.81,Same Day
DEMO-00201,2024-02-03,2024-02-10,Furniture,Bookcases,Consumer,South,Australia,Demo City 7,464.66,10,0.0,141.0,Standard Class
DEMO-00202,2023-06-21,2023-06-24,Office Supplies,Paper,Consumer,East,Japan,Demo City 6,368.51,9,0.0,-5.35,Standard Class
DEMO-00203,2023-05-28,2023-06-04,Furniture,Chairs,Corporate,South,Brazil,Demo City 20,234.56,6,0.3,-24.05,Second Class
DEMO-00204,2024-03-29,2024-04-02,Technology,Phones,Consumer,West,United States,Demo City 6,129.75,3,0.2,24.12,Standard Class
DEMO-00205,2024-11-27,2024-11-29,Furniture,Tables,Consumer,South,Brazil,Demo City 4,150.65,4,0.2,0.59,Second Class
DEMO-00206,2024-11-23,2024-11-26,Technology,Phones,Consumer,North,Canada,Demo City 3,5935.51,11,0.1,-583.1,Standard Class
DEMO-00207,2023-09-29,2023-10-05,Office Supplies,Paper,Consumer,East,India,Demo City 16,480.34,9,0.0,151.71,Standard Class
DEMO-00208,2023-05-14,2023-05-20,Office Supplies,Paper,Home Office,West,Germany,Demo City 4,205.21,4,0.2,9.84,First Class
DEMO-00209,2023-06-26,2023-07-02,Office Supplies,Binders,Consumer,South,Brazil,Demo City 13,129.78,10,0.1,22.76,Standard Class
DEMO-00210,2025-06-30,2025-07-06,Office Supplies,Storage,Home Office,North,Canada,Demo City 24,734.78,6,0.1,68.75,Standard Class
DEMO-00211,2024-05-11,2024-05-18,Office Supplies,Paper,Home Office,East,India,Demo City 25,95.68,8,0.1,15.46,Same Day
DEMO-00212,2023-09-01,2023-09-02,Technology,Accessories,Corporate,West,United States,Demo City 19,835.93,4,0.2,161.31,Same Day
DEMO-00213,2025-05-04,2025-05-07,Technology,Phones,Home Office,South,Australia,Demo City 7,104.86,9,0.05,17.17,Second Class
DEMO-00214,2025-10-02,2025-10-07,Technology,Phones,Corporate,East,India,Demo City 19,285.61,8,0.3,-55.72,Second Class
DEMO-00215,2024-03-31,2024-04-07,Furniture,Bookcases,Consumer,North,Canada,Demo City 11,223.8,4,0.3,-7.15,First Class
DEMO-00216,2024-08-22,2024-08-26,Furniture,Tables,Home Office,South,Australia,Demo City 24,527.4,10,0.2,-52.68,Standard Class
DEMO-00217,2024-02-11,2024-02-17,Office Supplies,Storage,Corporate,North,Canada,Demo City 4,29.79,1,0.5,-3.81,Second Class
DEMO-00218,2023-03-05,2023-03-08,Technology,Machines,Corporate,South,Brazil,Demo City 4,315.38,8,0.0,34.78,Standard Class
DEMO-00219,2023-11-15,2023-11-17,Technology,Phones,Consumer,West,United States,Demo City 6,289.2,10,0.3,16.7,Standard Class
DEMO-00220,2025-03-15,2025-03-20,Furniture,Chairs,Home Office,North,Canada,Demo City 2,541.62,11,0.0,36.36,First Class
DEMO-00221,2025-02-10,2025-02-13,Furniture,Chairs,Corporate,West,United States,Demo City 3,106.43,8,0.1,5.64,Standard Class
DEMO-00222,2025-01-24,2025-01-27,Furniture,Bookcases,Home Office,West,Germany,Demo City 20,477.28,3,0.0,114.92,Same Day
DEMO-00223,2024-12-13,2024-12-20,Office Supplies,Paper,Consumer,North,United Kingdom,Demo City 30,871.19,9,0.05,47.53,First Class
DEMO-00224,2025-10-09,2025-10-10,Technology,Phones,Home Office,South,Brazil,Demo City 19,2180.07,7,0.2,-160.64,First Class
DEMO-00225,2025-12-26,2025-12-28,Furniture,Chairs,Corporate,East,Japan,Demo City 25,40.09,1,0.1,-1.24,First Class
DEMO-00226,2024-08-14,2024-08-18,Office Supplies,Paper,Corporate,North,United Kingdom,Demo City 22,481.79,10,0.1,-19.48,Same Day
DEMO-00227,2024-03-24,2024-03-28,Office Supplies,Storage,Corporate,South,Australia,Demo City 16,942.44,6,0.2,138.64,Same Day
DEMO-00228,2024-04-11,2024-04-13,Furniture,Chairs,Consumer,South,Australia,Demo City 18,70.26,6,0.5,-7.65,Standard Class
DEMO-00229,2025-12-04,2025-12-06,Furniture,Chairs,Home Office,South,Brazil,Demo City 30,309.23,9,0.2,3.32,Standard Class
DEMO-00230,2023-06-17,2023-06-19,Furniture,Chairs,Home Office,East,India,Demo City 29,127.97,4,0.2,7.82,First Class
DEMO-00231,2024-01-19,2024-01-21,Technology,Machines,Consumer,West,United States,Demo City 20,84.65,10,0.5,-9.49,First Class
DEMO-00232,2024-03-16,2024-03-23,Office Supplies,Paper,Consumer,West,United States,Demo City 12,399.37,11,0.1,-55.08,First Class
DEMO-00233,2025-10-03,2025-10-10,Office Supplies,Binders,Home Office,West,United States,Demo City 29,681.98,4,0.1,6.73,Second Class
DEMO-00234,2024-03-27,2024-03-30,Technology,Machines,Home Office,South,Australia,Demo City 25,341.85,7,0.1,48.32,Second Class
DEMO-00235,2023-03-03,2023-03-05,Furniture,Chairs,Home Office,South,Australia,Demo City 30,25.38,2,0.0,0.58,First Class
DEMO-00236,2025-01-22,2025-01-23,Technology,Phones,Consumer,North,United Kingdom,Demo City 28,220.65,4,0.0,31.79,First Class
DEMO-00237,2025-01-08,2025-01-12,Office Supplies,Binders,Consumer,North,Canada,Demo City 14,138.22,10,0.0,35.75,Same Day
DEMO-00238,2025-01-16,2025-01-18,Furniture,Bookcases,Consumer,West,United States,Demo City 25,80.68,1,0.0,10.93,First Class
DEMO-00239,2025-10-05,2025-10-09,Technology,Machines,Corporate,East,India,Demo City 23,67.05,7,0.5,-3.85,Standard Class
DEMO-00240,2024-08-18,2024-08-23,Office Supplies,Paper,Corporate,North,Canada,Demo City 19,197.6,4,0.2,-37.73,Same Day
DEMO-00241,2025-01-30,2025-02-01,Furniture,Chairs,Consumer,West,United States,Demo City 26,186.32,8,0.0,8.12,Standard Class
DEMO-00242,2024-04-22,2024-04-24,Furniture,Tables,Home Office,South,Brazil,Demo City 16,90.81,5,0.0,10.3,Standard Class
DEMO-00243,2023-08-03,2023-08-10,Technology,Phones,Home Office,West,Germany,Demo City 6,565.0,11,0.0,69.85,First Class
DEMO-00244,2024-11-29,2024-12-04,Office Supplies,Binders,Consumer,North,Canada,Demo City 20,33.98,10,0.2,-0.81,First Class
DEMO-00245,2024-08-19,2024-08-22,Office Supplies,Storage,Home Office,North,United Kingdom,Demo City 4,1064.83,9,0.3,-23.01,First Class
DEMO-00246,2024-07-24,2024-07-30,Technology,Phones,Consumer,South,Australia,Demo City 29,64.32,2,0.0,4.91,Same Day
DEMO-00247,2023-05-16,2023-05-18,Furniture,Chairs,Home Office,South,Brazil,Demo City 20,229.27,10,0.0,6.2,Same Day
DEMO-00248,2024-03-30,2024-04-03,Furniture,Bookcases,Home Office,North,Canada,Demo City 5,20.93,1,0.2,-1.14,Second Class
DEMO-00249,2025-05-27,2025-06-03,Furniture,Chairs,Corporate,South,Brazil,Demo City 6,189.7,10,0.1,42.49,Standard Class
DEMO-00250,2023-05-26,2023-05-27,Furniture,Tables,Consumer,West,Germany,Demo City 14,222.46,6,0.0,20.44,Standard Class
DEMO-00251,2025-01-20,2025-01-25,Technology,Phones,Corporate,South,Australia,Demo City 10,174.59,5,0.1,22.27,First Class
DEMO-00252,2025-04-17,2025-04-23,Office Supplies,Paper,Corporate,North,Canada,Demo City 26,68.65,1,0.0,13.76,First Class
DEMO-00253,2025-03-19,2025-03-20,Technology,Phones,Home Office,East,India,Demo City 26,23.61,1,0.1,0.43,Same Day
DEMO-00254,2024-07-03,2024-07-08,Technology,Phones,Home Office,North,United Kingdom,Demo City 30,442.67,7,0.2,38.27,Same Day
DEMO-00255,2023-04-11,2023-04-18,Office Supplies,Paper,Consumer,North,Canada,Demo City 3,280.68,5,0.1,-15.04,Second Class
DEMO-00256,2023-01-21,2023-01-22,Technology,Phones,Consumer,West,Germany,Demo City 22,821.07,4,0.1,159.33,Same Day
DEMO-00257,2025-03-10,2025-03-14,Office Supplies,Storage,Home Office,South,Australia,Demo City 30,445.87,6,0.0,105.76,Second Class
DEMO-00258,2025-08-02,2025-08-05,Office Supplies,Paper,Corporate,East,Japan,Demo City 28,732.65,10,0.1,-144.5,Same Day
DEMO-00259,2025-02-21,2025-02-26,Technology,Accessories,Consumer,North,United Kingdom,Demo City 16,199.67,4,0.0,53.6,First Class
DEMO-00260,2024-12-16,2024-12-19,Furniture,Chairs,Home Office,South,Australia,Demo City 2,924.25,4,0.05,51.65,First Class
DEMO-00261,2024-08-29,2024-08-30,Technology,Machines,Consumer,North,Canada,Demo City 21,869.68,10,0.05,0.47,First Class
DEMO-00262,2024-03-31,2024-04-05,Furniture,Bookcases,Home Office,North,Canada,Demo City 15,87.55,9,0.3,-7.65,Second Class
DEMO-00263,2024-01-16,2024-01-17,Furniture,Chairs,Home Office,North,Canada,Demo City 19,234.75,6,0.1,54.17,Second Class
DEMO-00264,2023-10-26,2023-10-28,Technology,Machines,Corporate,North,United Kingdom,Demo City 13,72.57,2,0.0,13.55,Second Class
DEMO-00265,2023-11-16,2023-11-22,Office Supplies,Binders,Home Office,South,Brazil,Demo City 11,251.89,4,0.0,10.47,Same Day
DEMO-00266,2025-03-14,2025-03-20,Technology,Accessories,Home Office,East,Japan,Demo City 6,404.69,6,0.05,69.17,Second Class
DEMO-00267,2025-10-12,2025-10-19,Technology,Accessories,Home Office,West,Germany,Demo City 2,205.84,9,0.05,-14.3,Standard Class
DEMO-00268,2024-07-22,2024-07-28,Technology,Accessories,Consumer,East,India,Demo City 23,29.33,1,0.2,6.4,Second Class
DEMO-00269,2025-07-20,2025-07-23,Office Supplies,Paper,Home Office,South,Australia,Demo City 6,53.65,1,0.1,9.32,Second Class
DEMO-00270,2024-05-27,2024-05-29,Office Supplies,Binders,Corporate,West,Germany,Demo City 2,235.27,5,0.05,11.86,Standard Class
DEMO-00271,2025-01-03,2025-01-10,Office Supplies,Paper,Home Office,South,Australia,Demo City 15,786.67,7,0.1,99.72,Same Day
DEMO-00272,2023-11-29,2023-12-04,Furniture,Chairs,Consumer,West,United States,Demo City 5,186.09,2,0.1,28.53,Same Day
DEMO-00273,2023-07-17,2023-07-23,Office Supplies,Paper,Consumer,North,Canada,Demo City 16,175.83,7,0.2,-11.1,First Class
DEMO-00274,2023-10-11,2023-10-13,Technology,Phones,Consumer,South,Brazil,Demo City 4,145.32,8,0.0,30.07,First Class
DEMO-00275,2023-10-09,2023-10-13,Furniture,Bookcases,Home Office,East,India,Demo City 28,101.57,5,0.0,34.14,Standard Class
DEMO-00276,2025-01-17,2025-01-21,Office Supplies,Storage,Corporate,North,United Kingdom,Demo City 10,295.26,11,0.3,-34.57,Standard Class
DEMO-00277,2023-05-08,2023-05-13,Furniture,Chairs,Corporate,West,Germany,Demo City 18,209.32,3,0.2,25.61,First Class
DEMO-00278,2025-07-20,2025-07-23,Furniture,Bookcases,Corporate,North,United Kingdom,Demo City 27,505.9,11,0.2,17.9,First Class
DEMO-00279,2023-07-26,2023-07-28,Furniture,Bookcases,Consumer,South,Australia,Demo City 10,46.76,1,0.05,7.87,First Class
DEMO-00280,2023-11-14,2023-11-19,Technology,Phones,Home Office,South,Brazil,Demo City 9,155.97,4,0.1,19.64,First Class
DEMO-00281,2024-08-12,2024-08-19,Technology,Machines,Corporate,West,Germany,Demo City 1,281.99,9,0.0,77.5,Standard Class
DEMO-00282,2025-07-02,2025-07-09,Furniture,Tables,Corporate,East,India,Demo City 28,83.39,2,0.2,-2.33,First Class
DEMO-00283,2025-02-15,2025-02-17,Furniture,Chairs,Home Office,West,Germany,Demo City 23,553.05,10,0.3,1.72,First Class
DEMO-00284,2025-01-27,2025-01-28,Furniture,Tables,Home Office,South,Brazil,Demo City 22,522.03,3,0.05,19.15,Same Day
DEMO-00285,2023-08-24,2023-08-27,Technology,Accessories,Consumer,North,Canada,Demo City 21,91.37,4,0.5,-28.53,Standard Class
DEMO-00286,2023-12-09,2023-12-15,Technology,Phones,Corporate,East,Japan,Demo City 8,122.06,1,0.0,6.79,Second Class
DEMO-00287,2024-11-24,2024-12-01,Office Supplies,Binders,Home Office,South,Brazil,Demo City 25,223.56,4,0.1,54.81,Standard Class
DEMO-00288,2023-04-21,2023-04-27,Furniture,Bookcases,Corporate,South,Brazil,Demo City 19,177.29,2,0.05,39.1,Same Day
DEMO-00289,2024-03-11,2024-03-18,Office Supplies,Paper,Consumer,North,United Kingdom,Demo City 4,98.09,1,0.1,12.77,Standard Class
DEMO-00290,2023-12-03,2023-12-04,Technology,Machines,Corporate,East,India,Demo City 3,275.01,6,0.1,68.09,First Class
DEMO-00291,2025-02-02,2025-02-03,Technology,Accessories,Home Office,West,Germany,Demo City 29,59.14,5,0.1,9.97,Second Class
DEMO-00292,2023-11-26,2023-11-27,Technology,Machines,Consumer,East,India,Demo City 17,23.96,1,0.3,-1.82,Same Day
DEMO-00293,2023-01-31,2023-02-04,Office Supplies,Storage,Home Office,North,Canada,Demo City 13,208.59,7,0.1,72.43,Standard Class
DEMO-00294,2025-10-02,2025-10-07,Furniture,Bookcases,Consumer,West,Germany,Demo City 25,47.52,1,0.1,8.29,Second Class
DEMO-00295,2025-04-18,2025-04-20,Technology,Machines,Corporate,South,Brazil,Demo City 2,792.01,6,0.1,199.45,Standard Class
DEMO-00296,2023-04-18,2023-04-20,Office Supplies,Binders,Consumer,West,United States,Demo City 18,741.99,7,0.0,53.24,Standard Class
DEMO-00297,2023-04-27,2023-04-28,Technology,Machines,Corporate,North,Canada,Demo City 11,829.05,9,0.5,-15.8,Same Day
DEMO-00298,2024-03-10,2024-03-12,Office Supplies,Binders,Consumer,South,Australia,Demo City 12,19.87,1,0.1,1.86,First Class
DEMO-00299,2023-08-11,2023-08-13,Furniture,Tables,Corporate,East,India,Demo City 23,482.44,9,0.2,-44.49,Second Class
DEMO-00300,2023-08-04,2023-08-08,Office Supplies,Storage,Corporate,South,Australia,Demo City 11,213.42,11,0.2,1.65,Standard Class
DEMO-00301,2023-04-18,2023-04-20,Furniture,Bookcases,Home Office,North,United Kingdom,Demo City 26,531.68,6,0.0,25.48,Standard Class
DEMO-00302,2023-10-15,2023-10-21,Technology,Phones,Home Office,West,Germany,Demo City 27,200.13,8,0.0,37.05,First Class
DEMO-00303,2023-07-28,2023-08-02,Office Supplies,Binders,Corporate,East,India,Demo City 21,107.56,4,0.2,-15.39,Same Day
DEMO-00304,2025-07-06,2025-07-11,Furniture,Chairs,Consumer,West,United States,Demo City 15,117.84,2,0.0,8.66,Second Class
DEMO-00305,2023-11-09,2023-11-15,Office Supplies,Storage,Corporate,East,Japan,Demo City 29,729.81,7,0.2,61.11,First Class
DEMO-00306,2024-08-30,2024-09-04,Technology,Phones,Consumer,East,Japan,Demo City 12,67.05,2,0.05,-9.2,First Class
DEMO-00307,2023-11-20,2023-11-23,Technology,Machines,Corporate,North,Canada,Demo City 26,1292.3,9,0.3,-134.91,Same Day
DEMO-00308,2024-02-16,2024-02-18,Technology,Phones,Corporate,East,India,Demo City 28,187.75,6,0.05,29.97,Same Day
DEMO-00309,2025-07-25,2025-07-28,Furniture,Bookcases,Home Office,East,Japan,Demo City 25,325.63,3,0.0,18.82,Same Day
DEMO-00310,2025-11-24,2025-12-01,Furniture,Bookcases,Home Office,North,United Kingdom,Demo City 20,401.24,7,0.5,-10.25,First Class
DEMO-00311,2024-11-17,2024-11-22,Office Supplies,Storage,Home Office,East,Japan,Demo City 15,1243.15,3,0.3,-74.75,Same Day
DEMO-00312,2025-05-04,2025-05-09,Office Supplies,Storage,Corporate,South,Australia,Demo City 21,22.43,1,0.3,-1.44,Second Class
DEMO-00313,2023-01-23,2023-01-25,Office Supplies,Storage,Corporate,North,Canada,Demo City 30,29.69,2,0.0,4.79,Standard Class
DEMO-00314,2024-04-20,2024-04-22,Furniture,Bookcases,Home Office,North,Canada,Demo City 2,321.61,7,0.05,29.64,Same Day
DEMO-00315,2024-07-30,2024-07-31,Office Supplies,Paper,Home Office,West,United States,Demo City 28,379.77,7,0.2,53.72,First Class
DEMO-00316,2023-01-01,2023-01-05,Technology,Accessories,Corporate,West,United States,Demo City 25,205.61,5,0.0,39.65,Standard Class
DEMO-00317,2025-10-23,2025-10-26,Technology,Accessories,Corporate,East,Japan,Demo City 8,124.79,5,0.5,-6.62,Second Class
DEMO-00318,2023-09-18,2023-09-20,Technology,Phones,Corporate,East,Japan,Demo City 27,1420.4,11,0.05,303.78,Standard Class
DEMO-00319,2023-12-20,2023-12-23,Office Supplies,Binders,Consumer,East,Japan,Demo City 22,491.83,8,0.2,78.02,Standard Class
DEMO-00320,2024-06-04,2024-06-10,Furniture,Tables,Corporate,East,India,Demo City 5,302.8,11,0.0,54.9,First Class
DEMO-00321,2023-11-11,2023-11-17,Technology,Accessories,Consumer,East,Japan,Demo City 22,719.29,10,0.0,111.02,Standard Class
DEMO-00322,2023-04-06,2023-04-09,Furniture,Bookcases,Home Office,North,United Kingdom,Demo City 20,142.94,5,0.05,40.78,Same Day
DEMO-00323,2024-02-10,2024-02-13,Office Supplies,Storage,Home Office,East,Japan,Demo City 18,43.44,2,0.05,-2.05,Same Day
DEMO-00324,2023-04-22,2023-04-24,Furniture,Tables,Corporate,South,Australia,Demo City 25,348.77,8,0.1,19.72,Standard Class
DEMO-00325,2023-12-08,2023-12-14,Office Supplies,Paper,Consumer,East,India,Demo City 5,125.39,4,0.3,-33.25,Second Class
DEMO-00326,2025-09-22,2025-09-29,Technology,Accessories,Consumer,North,Canada,Demo City 18,614.87,10,0.3,-5.82,Same Day
DEMO-00327,2025-01-02,2025-01-04,Office Supplies,Storage,Consumer,East,India,Demo City 18,48.67,5,0.1,8.34,Second Class
DEMO-00328,2024-11-04,2024-11-06,Office Supplies,Paper,Home Office,West,Germany,Demo City 12,158.56,7,0.1,-0.1,Standard Class
DEMO-00329,2025-06-26,2025-07-03,Office Supplies,Binders,Home Office,East,Japan,Demo City 28,603.12,9,0.1,141.32,Same Day
DEMO-00330,2024-03-06,2024-03-12,Technology,Phones,Corporate,East,India,Demo City 28,675.63,10,0.5,-40.16,Same Day
DEMO-00331,2025-01-25,2025-01-28,Technology,Machines,Corporate,South,Brazil,Demo City 17,199.82,7,0.0,69.81,Standard Class
DEMO-00332,2024-03-02,2024-03-06,Technology,Phones,Corporate,South,Australia,Demo City 18,823.88,9,0.3,-143.94,Second Class
DEMO-00333,2025-05-08,2025-05-14,Technology,Machines,Home Office,South,Brazil,Demo City 2,270.17,6,0.1,61.23,Second Class
DEMO-00334,2025-05-08,2025-05-14,Furniture,Tables,Consumer,West,Germany,Demo City 23,283.46,10,0.0,45.75,First Class
DEMO-00335,2023-09-15,2023-09-22,Technology,Accessories,Home Office,South,Brazil,Demo City 6,259.34,6,0.3,-3.72,Standard Class
DEMO-00336,2025-01-07,2025-01-11,Office Supplies,Paper,Corporate,West,Germany,Demo City 22,79.71,1,0.05,6.16,Same Day
DEMO-00337,2024-09-03,2024-09-08,Furniture,Bookcases,Home Office,East,India,Demo City 3,1096.38,6,0.3,-84.02,Standard Class
DEMO-00338,2024-07-29,2024-08-05,Technology,Accessories,Consumer,North,United Kingdom,Demo City 13,44.88,2,0.3,-0.78,First Class
DEMO-00339,2023-10-06,2023-10-12,Furniture,Bookcases,Home Office,East,Japan,Demo City 10,224.95,9,0.05,23.8,Standard Class
DEMO-00340,2023-02-07,2023-02-10,Technology,Accessories,Consumer,South,Australia,Demo City 18,259.54,10,0.0,68.24,Second Class
DEMO-00341,2023-11-27,2023-12-03,Office Supplies,Binders,Consumer,North,Canada,Demo City 7,418.98,6,0.2,-68.21,Same Day
DEMO-00342,2025-12-20,2025-12-21,Office Supplies,Storage,Consumer,South,Brazil,Demo City 2,459.86,9,0.0,-14.15,First Class
DEMO-00343,2024-07-10,2024-07-15,Furniture,Tables,Home Office,West,United States,Demo City 18,33.21,1,0.3,5.08,First Class
DEMO-00344,2024-10-09,2024-10-16,Furniture,Tables,Corporate,East,Japan,Demo City 3,193.71,11,0.0,54.29,First Class
DEMO-00345,2023-06-18,2023-06-19,Technology,Phones,Home Office,West,Germany,Demo City 19,452.71,11,0.0,78.74,Second Class
DEMO-00346,2025-05-12,2025-05-13,Furniture,Chairs,Corporate,East,Japan,Demo City 7,312.03,6,0.05,84.94,Second Class
DEMO-00347,2024-05-11,2024-05-14,Technology,Accessories,Home Office,North,United Kingdom,Demo City 22,264.55,8,0.2,-15.5,Standard Class
DEMO-00348,2025-07-20,2025-07-23,Furniture,Tables,Home Office,East,India,Demo City 23,336.5,11,0.3,-6.08,Same Day
DEMO-00349,2023-10-31,2023-11-02,Furniture,Tables,Consumer,West,United States,Demo City 18,471.49,6,0.0,37.82,First Class
DEMO-00350,2024-05-01,2024-05-02,Office Supplies,Binders,Corporate,North,United Kingdom,Demo City 16,171.43,2,0.0,38.91,Second Class
DEMO-00351,2024-10-29,2024-10-30,Office Supplies,Storage,Home Office,East,India,Demo City 30,300.35,5,0.3,22.53,Same Day
DEMO-00352,2023-05-22,2023-05-24,Office Supplies,Storage,Corporate,East,India,Demo City 17,150.74,6,0.0,-5.81,Second Class
DEMO-00353,2024-07-26,2024-07-29,Technology,Accessories,Consumer,West,Germany,Demo City 6,315.43,8,0.2,-0.41,Same Day
DEMO-00354,2025-08-28,2025-08-30,Furniture,Tables,Consumer,South,Australia,Demo City 3,129.18,5,0.0,31.02,Same Day
DEMO-00355,2024-08-10,2024-08-16,Office Supplies,Paper,Home Office,South,Australia,Demo City 14,154.64,5,0.1,45.24,First Class
DEMO-00356,2023-08-24,2023-08-27,Office Supplies,Binders,Consumer,South,Brazil,Demo City 13,656.69,9,0.1,55.23,Second Class
DEMO-00357,2025-04-01,2025-04-06,Office Supplies,Storage,Corporate,North,United Kingdom,Demo City 1,109.5,5,0.1,14.02,Standard Class
DEMO-00358,2023-12-28,2024-01-01,Furniture,Tables,Consumer,North,United Kingdom,Demo City 4,66.49,2,0.0,8.61,Standard Class
DEMO-00359,2024-03-24,2024-03-25,Technology,Accessories,Home Office,North,Canada,Demo City 12,649.57,7,0.05,-24.29,Standard Class
DEMO-00360,2024-08-18,2024-08-25,Office Supplies,Storage,Consumer,North,Canada,Demo City 12,465.3,2,0.5,-160.4,Same Day
DEMO-00361,2023-12-03,2023-12-05,Furniture,Tables,Home Office,North,United Kingdom,Demo City 15,289.52,7,0.1,52.55,Second Class
DEMO-00362,2024-11-01,2024-11-06,Office Supplies,Storage,Consumer,East,India,Demo City 16,928.57,11,0.0,93.09,First Class
DEMO-00363,2025-08-18,2025-08-19,Technology,Phones,Home Office,East,India,Demo City 24,917.59,6,0.0,315.85,Same Day
DEMO-00364,2023-10-07,2023-10-12,Furniture,Tables,Corporate,North,United Kingdom,Demo City 15,42.54,2,0.2,-5.37,Second Class
DEMO-00365,2025-10-09,2025-10-14,Furniture,Bookcases,Corporate,East,Japan,Demo City 23,1163.9,7,0.0,218.52,Second Class
DEMO-00366,2023-05-24,2023-05-30,Office Supplies,Storage,Consumer,North,United Kingdom,Demo City 20,20.2,3,0.0,0.43,Second Class
DEMO-00367,2025-10-15,2025-10-17,Office Supplies,Paper,Home Office,South,Brazil,Demo City 6,478.04,4,0.2,23.79,Standard Class
DEMO-00368,2023-12-22,2023-12-24,Furniture,Bookcases,Home Office,West,Germany,Demo City 5,389.1,6,0.05,53.0,Same Day
DEMO-00369,2024-01-06,2024-01-09,Furniture,Bookcases,Consumer,West,Germany,Demo City 5,96.9,2,0.1,1.11,First Class
DEMO-00370,2025-10-20,2025-10-24,Office Supplies,Binders,Home Office,North,Canada,Demo City 6,281.59,6,0.2,52.69,First Class
DEMO-00371,2025-03-25,2025-03-26,Office Supplies,Storage,Corporate,East,India,Demo City 6,54.24,8,0.3,1.51,Standard Class
DEMO-00372,2024-10-23,2024-10-29,Office Supplies,Storage,Home Office,North,Canada,Demo City 5,54.84,1,0.1,-2.07,Second Class
DEMO-00373,2025-07-24,2025-07-31,Office Supplies,Storage,Consumer,East,Japan,Demo City 19,243.4,7,0.1,6.2,Same Day
DEMO-00374,2024-12-20,2024-12-25,Furniture,Tables,Consumer,East,India,Demo City 10,455.18,3,0.2,0.84,Standard Class
DEMO-00375,2024-08-01,2024-08-03,Office Supplies,Storage,Home Office,West,United States,Demo City 24,219.88,4,0.3,38.92,Same Day
DEMO-00376,2024-10-10,2024-10-14,Technology,Phones,Corporate,North,United Kingdom,Demo City 6,137.15,4,0.0,-16.72,Second Class
DEMO-00377,2024-05-28,2024-06-03,Furniture,Tables,Consumer,North,Canada,Demo City 12,46.23,3,0.3,-0.85,Second Class
DEMO-00378,2023-11-27,2023-11-29,Furniture,Tables,Corporate,North,Canada,Demo City 27,2802.57,11,0.2,129.21,Second Class
DEMO-00379,2025-01-15,2025-01-22,Technology,Machines,Consumer,West,Germany,Demo City 7,209.41,9,0.1,20.94,Same Day
DEMO-00380,2023-08-05,2023-08-07,Furniture,Bookcases,Consumer,North,United Kingdom,Demo City 16,117.92,8,0.2,-0.43,Second Class
DEMO-00381,2023-03-19,2023-03-23,Technology,Machines,Corporate,East,Japan,Demo City 20,215.5,5,0.0,100.6,Standard Class
DEMO-00382,2024-08-13,2024-08-19,Technology,Phones,Home Office,East,India,Demo City 1,655.12,5,0.0,171.98,Same Day
DEMO-00383,2023-09-04,2023-09-05,Furniture,Chairs,Corporate,South,Brazil,Demo City 10,252.09,7,0.2,34.98,Same Day
DEMO-00384,2025-05-25,2025-06-01,Office Supplies,Binders,Home Office,West,Germany,Demo City 6,106.03,4,0.0,32.54,Same Day
DEMO-00385,2023-12-18,2023-12-21,Technology,Accessories,Consumer,West,United States,Demo City 5,701.51,11,0.1,16.51,Standard Class
DEMO-00386,2023-03-07,2023-03-12,Office Supplies,Binders,Consumer,West,United States,Demo City 22,171.46,3,0.5,-26.92,First Class
DEMO-00387,2024-10-13,2024-10-18,Furniture,Chairs,Corporate,North,Canada,Demo City 15,459.48,11,0.05,21.74,First Class
DEMO-00388,2025-10-02,2025-10-05,Technology,Machines,Consumer,North,United Kingdom,Demo City 24,263.92,8,0.05,54.3,Second Class
DEMO-00389,2025-03-13,2025-03-20,Technology,Phones,Corporate,North,United Kingdom,Demo City 8,127.47,3,0.1,7.76,Same Day
DEMO-00390,2024-09-08,2024-09-09,Furniture,Chairs,Home Office,North,United Kingdom,Demo City 2,53.68,1,0.2,18.61,Second Class
DEMO-00391,2024-03-20,2024-03-25,Technology,Phones,Home Office,South,Australia,Demo City 3,44.18,2,0.5,-1.85,First Class
DEMO-00392,2025-06-02,2025-06-03,Technology,Accessories,Consumer,West,United States,Demo City 15,31.37,3,0.0,0.91,Second Class
DEMO-00393,2023-05-12,2023-05-19,Technology,Machines,Consumer,North,United Kingdom,Demo City 2,84.96,1,0.3,-13.12,First Class
DEMO-00394,2025-05-28,2025-06-02,Technology,Phones,Home Office,East,India,Demo City 20,186.16,8,0.0,74.31,First Class
DEMO-00395,2025-03-19,2025-03-22,Technology,Machines,Consumer,East,Japan,Demo City 2,319.8,11,0.2,45.97,First Class
DEMO-00396,2025-12-21,2025-12-22,Furniture,Bookcases,Home Office,West,Germany,Demo City 5,68.12,3,0.1,9.76,Same Day
DEMO-00397,2024-06-16,2024-06-21,Technology,Phones,Corporate,North,United Kingdom,Demo City 23,159.14,4,0.0,12.91,Second Class
DEMO-00398,2023-12-06,2023-12-13,Technology,Machines,Home Office,East,Japan,Demo City 23,145.47,2,0.0,25.44,First Class
DEMO-00399,2025-12-10,2025-12-11,Furniture,Tables,Corporate,West,Germany,Demo City 6,133.36,5,0.0,15.58,First Class
DEMO-00400,2025-06-14,2025-06-16,Office Supplies,Paper,Consumer,West,Germany,Demo City 26,4173.93,7,0.0,637.34,Second Class
DEMO-00401,2025-12-10,2025-12-15,Furniture,Tables,Consumer,West,United States,Demo City 9,499.8,9,0.2,41.21,First Class
DEMO-00402,2024-07-17,2024-07-19,Furniture,Chairs,Consumer,South,Brazil,Demo City 14,181.13,5,0.0,0.93,Same Day
DEMO-00403,2025-02-19,2025-02-26,Technology,Machines,Consumer,South,Brazil,Demo City 4,242.11,4,0.05,10.26,Standard Class
DEMO-00404,2023-05-14,2023-05-21,Office Supplies,Binders,Corporate,East,India,Demo City 13,187.43,4,0.3,14.66,Second Class
DEMO-00405,2023-10-27,2023-10-31,Office Supplies,Paper,Consumer,South,Australia,Demo City 1,12.68,1,0.3,-1.27,Standard Class
DEMO-00406,2024-06-30,2024-07-02,Technology,Machines,Home Office,East,India,Demo City 11,14.24,1,0.1,-0.79,Same Day
DEMO-00407,2024-09-14,2024-09-19,Technology,Accessories,Home Office,North,United Kingdom,Demo City 6,418.27,11,0.1,99.54,Second Class
DEMO-00408,2023-02-07,2023-02-09,Furniture,Chairs,Consumer,East,India,Demo City 5,135.45,4,0.0,32.18,Standard Class
DEMO-00409,2024-05-22,2024-05-25,Office Supplies,Binders,Home Office,East,India,Demo City 22,132.72,7,0.1,31.46,First Class
DEMO-00410,2025-08-01,2025-08-05,Furniture,Chairs,Consumer,South,Brazil,Demo City 5,292.37,6,0.5,-100.69,Same Day
DEMO-00411,2025-10-06,2025-10-07,Furniture,Chairs,Consumer,South,Brazil,Demo City 15,45.11,3,0.5,-3.21,First Class
DEMO-00412,2024-04-22,2024-04-25,Technology,Accessories,Consumer,North,Canada,Demo City 6,792.76,11,0.3,92.5,First Class
DEMO-00413,2025-05-23,2025-05-28,Office Supplies,Paper,Home Office,North,Canada,Demo City 17,56.44,1,0.05,11.61,First Class
DEMO-00414,2023-03-15,2023-03-22,Technology,Accessories,Consumer,West,Germany,Demo City 21,218.14,5,0.3,-40.05,Standard Class
DEMO-00415,2025-06-02,2025-06-05,Technology,Machines,Corporate,North,Canada,Demo City 6,170.09,5,0.05,27.28,Second Class
DEMO-00416,2025-06-26,2025-07-02,Office Supplies,Paper,Corporate,West,United States,Demo City 27,87.69,2,0.0,12.49,Same Day
DEMO-00417,2023-08-08,2023-08-12,Technology,Phones,Corporate,South,Australia,Demo City 17,17.31,1,0.0,5.11,First Class
DEMO-00418,2023-10-29,2023-11-03,Office Supplies,Storage,Corporate,South,Australia,Demo City 4,1098.81,8,0.2,-42.7,Second Class
DEMO-00419,2023-01-03,2023-01-10,Office Supplies,Binders,Consumer,South,Australia,Demo City 27,458.93,8,0.2,-4.3,Same Day
DEMO-00420,2024-07-30,2024-08-03,Technology,Phones,Home Office,North,Canada,Demo City 1,309.29,6,0.1,55.99,Second Class
DEMO-00421,2025-11-23,2025-11-27,Technology,Machines,Home Office,West,United States,Demo City 16,906.88,11,0.1,-5.51,Second Class
DEMO-00422,2023-09-28,2023-10-04,Technology,Machines,Home Office,South,Australia,Demo City 26,188.77,2,0.2,5.78,Standard Class
DEMO-00423,2024-04-27,2024-05-01,Office Supplies,Binders,Home Office,North,Canada,Demo City 2,702.86,8,0.2,111.9,Same Day
DEMO-00424,2025-05-13,2025-05-18,Office Supplies,Storage,Consumer,West,United States,Demo City 17,264.01,6,0.05,-20.8,First Class
DEMO-00425,2025-02-22,2025-02-23,Furniture,Chairs,Home Office,North,Canada,Demo City 9,45.43,4,0.0,6.28,Same Day
DEMO-00426,2025-01-11,2025-01-12,Furniture,Bookcases,Home Office,South,Brazil,Demo City 21,421.62,8,0.1,75.77,Same Day
DEMO-00427,2023-06-15,2023-06-19,Furniture,Bookcases,Consumer,West,Germany,Demo City 14,31.86,7,0.1,1.29,Second Class
DEMO-00428,2025-08-23,2025-08-26,Furniture,Chairs,Home Office,North,United Kingdom,Demo City 5,144.1,7,0.05,29.65,Second Class
DEMO-00429,2025-06-08,2025-06-12,Technology,Accessories,Consumer,East,Japan,Demo City 1,110.51,9,0.05,-3.29,Standard Class
DEMO-00430,2023-03-28,2023-04-03,Technology,Phones,Corporate,West,Germany,Demo City 15,322.0,9,0.3,3.9,Same Day
DEMO-00431,2024-03-02,2024-03-05,Furniture,Tables,Consumer,North,Canada,Demo City 24,118.45,4,0.2,-16.1,Same Day
DEMO-00432,2025-01-24,2025-01-28,Office Supplies,Storage,Home Office,South,Australia,Demo City 13,377.69,5,0.1,2.47,Same Day
DEMO-00433,2025-09-16,2025-09-20,Technology,Accessories,Home Office,West,United States,Demo City 6,775.64,7,0.1,-51.88,First Class
DEMO-00434,2024-08-02,2024-08-07,Technology,Accessories,Consumer,East,India,Demo City 18,394.11,9,0.0,-32.88,Same Day
DEMO-00435,2025-11-28,2025-12-02,Technology,Accessories,Consumer,East,Japan,Demo City 19,910.22,9,0.05,149.18,First Class
DEMO-00436,2024-05-23,2024-05-25,Office Supplies,Binders,Home Office,East,India,Demo City 19,436.41,7,0.1,70.13,First Class
DEMO-00437,2025-07-18,2025-07-20,Technology,Phones,Corporate,West,United States,Demo City 25,546.03,11,0.3,-92.01,Same Day
DEMO-00438,2025-12-21,2025-12-25,Furniture,Bookcases,Consumer,East,Japan,Demo City 28,471.46,10,0.0,88.48,Standard Class
DEMO-00439,2023-01-04,2023-01-06,Furniture,Tables,Home Office,West,Germany,Demo City 9,263.32,6,0.0,-2.57,Same Day
DEMO-00440,2025-03-13,2025-03-17,Furniture,Tables,Home Office,North,United Kingdom,Demo City 14,142.3,7,0.0,21.72,Standard Class
DEMO-00441,2023-09-25,2023-10-01,Technology,Accessories,Home Office,South,Australia,Demo City 20,1571.48,6,0.1,437.65,First Class
DEMO-00442,2024-08-09,2024-08-16,Technology,Accessories,Corporate,South,Brazil,Demo City 13,434.13,6,0.05,-4.16,First Class
DEMO-00443,2023-12-18,2023-12-24,Furniture,Bookcases,Home Office,East,Japan,Demo City 1,579.06,6,0.3,59.05,Second Class
DEMO-00444,2025-08-31,2025-09-04,Furniture,Chairs,Consumer,West,United States,Demo City 18,148.17,4,0.2,-14.15,Second Class
DEMO-00445,2024-11-16,2024-11-22,Technology,Accessories,Corporate,West,United States,Demo City 18,340.27,3,0.2,7.56,First Class
DEMO-00446,2024-03-01,2024-03-04,Furniture,Tables,Home Office,West,Germany,Demo City 2,1655.45,9,0.05,208.18,Second Class
DEMO-00447,2023-09-19,2023-09-23,Technology,Machines,Consumer,West,United States,Demo City 8,113.08,1,0.0,25.19,Standard Class
DEMO-00448,2023-09-28,2023-09-30,Technology,Accessories,Consumer,East,Japan,Demo City 8,140.7,3,0.3,-7.38,Standard Class
DEMO-00449,2024-09-21,2024-09-26,Furniture,Tables,Corporate,East,India,Demo City 11,164.79,4,0.2,39.11,Standard Class
DEMO-00450,2023-06-11,2023-06-17,Office Supplies,Binders,Home Office,South,Brazil,Demo City 11,374.99,11,0.2,57.59,First Class
DEMO-00451,2025-04-05,2025-04-12,Office Supplies,Binders,Corporate,West,United States,Demo City 24,208.81,8,0.2,50.67,Second Class
DEMO-00452,2024-07-06,2024-07-10,Furniture,Tables,Consumer,East,India,Demo City 22,10.65,1,0.3,1.02,Standard Class
DEMO-00453,2023-09-17,2023-09-20,Technology,Phones,Consumer,West,Germany,Demo City 13,99.8,2,0.0,2.92,Same Day
DEMO-00454,2025-08-13,2025-08-14,Office Supplies,Binders,Consumer,South,Australia,Demo City 27,280.21,3,0.05,65.73,Second Class
DEMO-00455,2023-09-27,2023-10-02,Office Supplies,Binders,Consumer,West,Germany,Demo City 8,60.49,1,0.0,12.24,Second Class
DEMO-00456,2025-07-14,2025-07-19,Furniture,Bookcases,Consumer,North,Canada,Demo City 2,117.86,2,0.05,46.13,Second Class
DEMO-00457,2025-08-18,2025-08-19,Office Supplies,Paper,Home Office,West,Germany,Demo City 1,2094.63,10,0.05,421.6,Standard Class
DEMO-00458,2024-02-10,2024-02-17,Office Supplies,Binders,Corporate,South,Australia,Demo City 11,619.23,6,0.0,291.12,Second Class
DEMO-00459,2025-12-21,2025-12-24,Office Supplies,Paper,Consumer,North,Canada,Demo City 18,619.03,7,0.0,108.54,Standard Class
DEMO-00460,2025-12-16,2025-12-21,Furniture,Tables,Consumer,North,Canada,Demo City 3,46.91,5,0.3,4.15,Standard Class
DEMO-00461,2023-07-21,2023-07-27,Furniture,Bookcases,Home Office,South,Brazil,Demo City 18,171.1,8,0.1,41.28,Same Day
DEMO-00462,2024-10-06,2024-10-10,Office Supplies,Paper,Corporate,West,Germany,Demo City 17,840.61,10,0.2,162.13,First Class
DEMO-00463,2024-10-27,2024-10-29,Office Supplies,Binders,Home Office,West,United States,Demo City 4,277.24,5,0.3,-48.94,Same Day
DEMO-00464,2025-03-10,2025-03-17,Furniture,Chairs,Consumer,West,United States,Demo City 15,1519.17,10,0.1,103.05,First Class
DEMO-00465,2025-05-31,2025-06-04,Office Supplies,Paper,Consumer,West,Germany,Demo City 4,384.88,5,0.0,85.35,First Class
DEMO-00466,2025-03-26,2025-03-30,Technology,Machines,Corporate,South,Australia,Demo City 5,314.58,10,0.05,58.28,Same Day
DEMO-00467,2023-09-17,2023-09-19,Furniture,Chairs,Home Office,South,Brazil,Demo City 15,274.43,4,0.05,57.82,Second Class
DEMO-00468,2023-09-01,2023-09-04,Furniture,Chairs,Corporate,North,Canada,Demo City 9,75.82,3,0.0,14.37,First Class
DEMO-00469,2024-01-25,2024-01-29,Furniture,Tables,Home Office,West,United States,Demo City 19,177.82,11,0.2,18.01,Standard Class
DEMO-00470,2024-04-03,2024-04-05,Office Supplies,Binders,Corporate,West,United States,Demo City 21,1483.23,11,0.0,126.41,Same Day
DEMO-00471,2025-01-21,2025-01-24,Technology,Phones,Consumer,West,Germany,Demo City 25,48.28,2,0.05,2.6,Standard Class
DEMO-00472,2023-01-17,2023-01-19,Technology,Phones,Consumer,East,India,Demo City 9,540.79,8,0.2,70.4,Standard Class
DEMO-00473,2025-05-13,2025-05-18,Technology,Accessories,Home Office,South,Australia,Demo City 8,133.47,2,0.0,28.52,Same Day
DEMO-00474,2023-12-06,2023-12-09,Office Supplies,Storage,Corporate,East,Japan,Demo City 3,110.06,2,0.1,21.01,Second Class
DEMO-00475,2024-09-02,2024-09-03,Technology,Accessories,Home Office,East,Japan,Demo City 12,481.37,10,0.2,-1.71,First Class
DEMO-00476,2024-04-08,2024-04-13,Technology,Machines,Corporate,South,Brazil,Demo City 17,42.43,4,0.3,2.58,Second Class
DEMO-00477,2024-04-22,2024-04-24,Technology,Accessories,Home Office,South,Brazil,Demo City 26,178.29,5,0.2,-4.6,First Class
DEMO-00478,2024-11-29,2024-12-04,Furniture,Tables,Consumer,East,India,Demo City 3,267.9,7,0.5,-79.73,Second Class
DEMO-00479,2023-10-16,2023-10-18,Furniture,Tables,Home Office,South,Australia,Demo City 5,171.52,4,0.05,49.38,Second Class
DEMO-00480,2023-01-09,2023-01-12,Office Supplies,Paper,Home Office,East,India,Demo City 17,64.78,1,0.1,11.69,Second Class
DEMO-00481,2025-07-11,2025-07-13,Technology,Phones,Consumer,East,India,Demo City 25,187.01,3,0.2,-32.22,Standard Class
DEMO-00482,2025-06-12,2025-06-15,Furniture,Tables,Home Office,West,Germany,Demo City 16,1029.87,5,0.0,124.47,Same Day
DEMO-00483,2023-04-05,2023-04-11,Furniture,Bookcases,Home Office,East,Japan,Demo City 13,460.6,6,0.5,-158.52,Second Class
DEMO-00484,2025-11-06,2025-11-11,Furniture,Bookcases,Consumer,North,United Kingdom,Demo City 2,468.29,8,0.1,109.09,Second Class
DEMO-00485,2023-09-15,2023-09-19,Office Supplies,Paper,Corporate,North,United Kingdom,Demo City 16,104.92,3,0.0,12.25,First Class
DEMO-00486,2023-02-02,2023-02-06,Technology,Machines,Home Office,West,United States,Demo City 9,1707.16,10,0.1,134.8,Second Class
DEMO-00487,2025-04-26,2025-04-30,Furniture,Tables,Consumer,South,Brazil,Demo City 26,374.69,4,0.1,53.48,Same Day
DEMO-00488,2025-03-29,2025-04-04,Technology,Phones,Consumer,South,Brazil,Demo City 3,1682.5,11,0.0,359.75,Same Day
DEMO-00489,2023-03-18,2023-03-20,Furniture,Tables,Corporate,East,Japan,Demo City 9,407.99,7,0.1,137.52,First Class
DEMO-00490,2023-12-21,2023-12-26,Furniture,Bookcases,Consumer,South,Australia,Demo City 7,149.8,2,0.0,13.63,Same Day
DEMO-00491,2024-01-02,2024-01-09,Technology,Accessories,Home Office,North,United Kingdom,Demo City 23,64.07,2,0.3,2.07,First Class
DEMO-00492,2023-03-06,2023-03-09,Technology,Accessories,Consumer,North,Canada,Demo City 16,452.32,7,0.5,24.75,Standard Class
DEMO-00493,2023-07-26,2023-07-30,Technology,Phones,Consumer,East,Japan,Demo City 19,61.14,4,0.05,11.96,Same Day
DEMO-00494,2025-09-22,2025-09-23,Furniture,Tables,Consumer,North,United Kingdom,Demo City 21,358.03,6,0.0,117.54,Second Class
DEMO-00495,2023-01-10,2023-01-13,Office Supplies,Paper,Consumer,East,India,Demo City 14,16.13,1,0.1,-0.88,Standard Class
DEMO-00496,2025-02-27,2025-02-28,Technology,Machines,Consumer,South,Brazil,Demo City 1,290.2,11,0.5,-30.9,Standard Class
DEMO-00497,2024-12-08,2024-12-14,Technology,Phones,Corporate,North,United Kingdom,Demo City 29,23.36,2,0.1,-0.25,Same Day
DEMO-00498,2024-03-23,2024-03-25,Furniture,Chairs,Corporate,North,Canada,Demo City 9,40.61,6,0.0,6.12,Second Class
DEMO-00499,2024-12-11,2024-12-13,Office Supplies,Storage,Corporate,North,Canada,Demo City 29,195.43,11,0.0,50.79,Standard Class
DEMO-00500,2025-03-13,2025-03-19,Technology,Phones,Home Office,East,Japan,Demo City 14,55.4,3,0.0,14.99,First Class
DEMO-00501,2025-04-25,2025-04-30,Office Supplies,Paper,Corporate,East,Japan,Demo City 25,288.11,6,0.3,46.86,Standard Class
DEMO-00502,2025-09-07,2025-09-11,Technology,Accessories,Home Office,South,Australia,Demo City 21,173.64,4,0.3,24.65,Standard Class
DEMO-00503,2023-04-01,2023-04-07,Office Supplies,Binders,Home Office,West,Germany,Demo City 6,192.27,6,0.05,28.96,First Class
DEMO-00504,2023-12-07,2023-12-14,Technology,Phones,Corporate,East,India,Demo City 13,707.94,5,0.3,33.3,Same Day
DEMO-00505,2023-05-29,2023-06-04,Furniture,Tables,Consumer,West,Germany,Demo City 23,150.45,8,0.0,-1.15,First Class
DEMO-00506,2025-12-30,2026-01-01,Office Supplies,Paper,Consumer,West,Germany,Demo City 25,73.05,2,0.05,17.3,Second Class
DEMO-00507,2024-01-02,2024-01-04,Furniture,Chairs,Home Office,East,India,Demo City 4,186.96,7,0.0,8.44,Second Class
DEMO-00508,2025-01-05,2025-01-07,Furniture,Tables,Consumer,East,Japan,Demo City 23,277.22,11,0.1,51.9,Same Day
DEMO-00509,2023-06-12,2023-06-17,Furniture,Tables,Home Office,West,United States,Demo City 16,290.98,3,0.0,61.92,Same Day
DEMO-00510,2025-01-09,2025-01-10,Furniture,Bookcases,Home Office,South,Australia,Demo City 2,977.01,8,0.1,154.75,First Class
DEMO-00511,2024-10-29,2024-11-02,Furniture,Tables,Home Office,West,United States,Demo City 10,618.86,6,0.05,67.45,Second Class
DEMO-00512,2024-08-23,2024-08-29,Office Supplies,Binders,Home Office,East,India,Demo City 13,199.59,10,0.05,14.02,Second Class
DEMO-00513,2024-07-19,2024-07-26,Furniture,Tables,Home Office,West,Germany,Demo City 24,150.29,2,0.1,4.22,First Class
DEMO-00514,2023-03-28,2023-04-03,Technology,Machines,Home Office,South,Brazil,Demo City 6,239.12,6,0.1,26.6,Same Day
DEMO-00515,2024-04-11,2024-04-13,Furniture,Chairs,Consumer,South,Brazil,Demo City 3,286.38,6,0.0,82.11,First Class
DEMO-00516,2024-05-31,2024-06-04,Office Supplies,Storage,Corporate,South,Brazil,Demo City 2,163.02,5,0.0,46.28,Standard Class
DEMO-00517,2024-11-29,2024-12-01,Furniture,Tables,Home Office,West,United States,Demo City 10,26.56,1,0.1,3.63,Second Class
DEMO-00518,2024-11-30,2024-12-04,Technology,Machines,Home Office,East,India,Demo City 7,118.94,3,0.0,19.12,First Class
DEMO-00519,2024-09-01,2024-09-08,Technology,Machines,Corporate,West,United States,Demo City 21,117.51,4,0.2,21.49,Same Day
DEMO-00520,2025-11-27,2025-12-03,Technology,Accessories,Consumer,East,Japan,Demo City 28,21.07,2,0.2,-0.06,Standard Class
DEMO-00521,2024-10-26,2024-11-01,Technology,Machines,Consumer,North,United Kingdom,Demo City 30,60.68,6,0.0,14.93,First Class
DEMO-00522,2023-03-19,2023-03-25,Office Supplies,Storage,Consumer,North,Canada,Demo City 3,2184.5,10,0.0,301.02,First Class
DEMO-00523,2025-03-26,2025-03-28,Technology,Machines,Home Office,East,Japan,Demo City 8,655.68,9,0.0,67.45,Second Class
DEMO-00524,2024-01-06,2024-01-07,Technology,Phones,Home Office,South,Brazil,Demo City 8,48.58,2,0.1,1.82,First Class
DEMO-00525,2024-09-12,2024-09-19,Furniture,Bookcases,Corporate,North,Canada,Demo City 27,34.99,1,0.05,4.26,Standard Class
DEMO-00526,2024-03-11,2024-03-17,Office Supplies,Storage,Consumer,East,India,Demo City 17,81.01,3,0.5,1.7,Standard Class
DEMO-00527,2025-12-11,2025-12-17,Furniture,Chairs,Corporate,South,Australia,Demo City 14,577.46,10,0.1,40.03,First Class
DEMO-00528,2024-10-22,2024-10-28,Furniture,Chairs,Corporate,East,India,Demo City 9,97.1,3,0.3,15.49,Standard Class
DEMO-00529,2024-09-05,2024-09-09,Technology,Accessories,Home Office,North,Canada,Demo City 28,665.16,6,0.3,26.42,Second Class
DEMO-00530,2025-02-12,2025-02-16,Furniture,Chairs,Corporate,West,Germany,Demo City 15,172.32,10,0.05,4.24,Same Day
DEMO-00531,2025-02-07,2025-02-14,Furniture,Chairs,Consumer,West,United States,Demo City 27,192.6,9,0.5,-45.17,Standard Class
DEMO-00532,2025-12-05,2025-12-08,Furniture,Chairs,Corporate,South,Australia,Demo City 24,1261.58,10,0.05,198.08,Standard Class
DEMO-00533,2025-09-15,2025-09-20,Technology,Phones,Consumer,West,Germany,Demo City 8,48.83,2,0.3,11.7,Standard Class
DEMO-00534,2023-07-11,2023-07-16,Technology,Machines,Corporate,North,United Kingdom,Demo City 9,403.59,7,0.3,-85.45,First Class
DEMO-00535,2023-08-11,2023-08-12,Office Supplies,Binders,Corporate,South,Brazil,Demo City 6,1181.18,8,0.5,-207.74,Second Class
DEMO-00536,2025-05-07,2025-05-13,Office Supplies,Paper,Consumer,West,United States,Demo City 14,507.96,7,0.1,50.3,First Class
DEMO-00537,2025-09-19,2025-09-23,Furniture,Chairs,Corporate,West,Germany,Demo City 21,293.67,9,0.3,52.79,Standard Class
DEMO-00538,2023-09-10,2023-09-17,Office Supplies,Storage,Consumer,North,United Kingdom,Demo City 20,1664.42,7,0.0,166.1,Same Day
DEMO-00539,2025-11-11,2025-11-12,Technology,Machines,Corporate,North,United Kingdom,Demo City 18,452.65,6,0.3,4.31,Same Day
DEMO-00540,2024-01-12,2024-01-19,Office Supplies,Storage,Home Office,North,Canada,Demo City 14,44.06,2,0.1,-0.48,Same Day
DEMO-00541,2024-10-03,2024-10-04,Office Supplies,Binders,Home Office,East,India,Demo City 8,1575.14,10,0.0,232.92,First Class
DEMO-00542,2025-04-07,2025-04-11,Office Supplies,Storage,Corporate,West,Germany,Demo City 27,468.69,4,0.1,138.89,Same Day
DEMO-00543,2025-02-22,2025-02-26,Office Supplies,Paper,Consumer,East,Japan,Demo City 27,51.23,2,0.1,2.96,Standard Class
DEMO-00544,2025-03-10,2025-03-12,Furniture,Bookcases,Home Office,East,India,Demo City 7,126.76,2,0.1,42.63,Standard Class
DEMO-00545,2024-07-13,2024-07-20,Office Supplies,Binders,Consumer,East,Japan,Demo City 16,600.15,4,0.0,-74.84,Standard Class
DEMO-00546,2023-09-29,2023-10-04,Office Supplies,Paper,Corporate,East,India,Demo City 17,283.95,7,0.0,65.21,Second Class
DEMO-00547,2025-05-02,2025-05-08,Furniture,Tables,Consumer,North,Canada,Demo City 18,326.6,9,0.0,32.94,Second Class
DEMO-00548,2025-04-08,2025-04-10,Office Supplies,Binders,Corporate,South,Australia,Demo City 20,320.0,7,0.3,-4.79,Standard Class
DEMO-00549,2023-11-14,2023-11-15,Office Supplies,Storage,Corporate,East,India,Demo City 9,94.05,2,0.05,16.65,Second Class
DEMO-00550,2024-08-18,2024-08-20,Furniture,Tables,Consumer,North,United Kingdom,Demo City 5,172.63,7,0.0,33.15,Standard Class
DEMO-00551,2025-03-28,2025-04-02,Technology,Phones,Corporate,North,United Kingdom,Demo City 25,293.87,4,0.3,-66.87,Same Day
DEMO-00552,2023-06-17,2023-06-24,Furniture,Bookcases,Home Office,North,Canada,Demo City 17,206.2,4,0.05,18.76,Standard Class
DEMO-00553,2023-05-24,2023-05-30,Office Supplies,Binders,Home Office,South,Australia,Demo City 19,140.73,5,0.1,22.24,First Class
DEMO-00554,2023-12-04,2023-12-05,Office Supplies,Storage,Home Office,East,India,Demo City 22,293.26,6,0.05,-8.28,Second Class
DEMO-00555,2024-10-12,2024-10-14,Furniture,Tables,Corporate,South,Brazil,Demo City 30,244.59,4,0.5,-25.52,Same Day
DEMO-00556,2025-10-23,2025-10-27,Office Supplies,Paper,Corporate,North,Canada,Demo City 12,403.29,10,0.05,95.11,First Class
DEMO-00557,2025-08-09,2025-08-15,Office Supplies,Storage,Consumer,North,United Kingdom,Demo City 12,125.16,10,0.5,-20.14,Same Day
DEMO-00558,2025-12-28,2026-01-01,Furniture,Bookcases,Home Office,South,Brazil,Demo City 7,753.6,9,0.0,101.24,Same Day
DEMO-00559,2023-08-28,2023-09-03,Office Supplies,Paper,Home Office,North,Canada,Demo City 14,54.5,3,0.05,2.0,Standard Class
DEMO-00560,2025-05-19,2025-05-22,Office Supplies,Storage,Consumer,South,Australia,Demo City 12,304.42,7,0.1,18.0,Same Day
DEMO-00561,2024-10-09,2024-10-10,Technology,Phones,Consumer,South,Australia,Demo City 20,302.61,7,0.1,-26.85,Second Class
DEMO-00562,2025-11-15,2025-11-21,Office Supplies,Storage,Home Office,South,Australia,Demo City 13,1166.23,9,0.0,253.5,First Class
DEMO-00563,2025-01-08,2025-01-14,Technology,Accessories,Consumer,East,India,Demo City 19,154.45,8,0.2,21.21,First Class
DEMO-00564,2023-04-20,2023-04-23,Office Supplies,Storage,Consumer,South,Australia,Demo City 6,426.23,6,0.0,96.05,Standard Class
DEMO-00565,2023-08-14,2023-08-16,Furniture,Chairs,Home Office,West,Germany,Demo City 14,360.91,6,0.05,-40.24,Second Class
DEMO-00566,2023-06-18,2023-06-24,Technology,Machines,Home Office,North,Canada,Demo City 16,1192.08,8,0.0,215.54,First Class
DEMO-00567,2025-08-17,2025-08-23,Furniture,Chairs,Consumer,North,Canada,Demo City 17,213.7,8,0.5,-37.85,First Class
DEMO-00568,2023-04-05,2023-04-12,Office Supplies,Storage,Consumer,West,United States,Demo City 22,104.79,1,0.1,18.82,Second Class
DEMO-00569,2024-10-08,2024-10-09,Furniture,Bookcases,Home Office,West,Germany,Demo City 20,620.23,3,0.3,56.7,Same Day
DEMO-00570,2024-04-10,2024-04-17,Office Supplies,Paper,Corporate,West,Germany,Demo City 6,598.81,11,0.2,26.93,Same Day
DEMO-00571,2023-05-26,2023-06-02,Office Supplies,Storage,Corporate,North,United Kingdom,Demo City 7,391.1,6,0.2,4.53,Standard Class
DEMO-00572,2024-02-06,2024-02-11,Office Supplies,Binders,Home Office,South,Brazil,Demo City 23,150.87,5,0.2,-31.42,Second Class
DEMO-00573,2024-04-16,2024-04-19,Office Supplies,Paper,Home Office,West,Germany,Demo City 22,74.92,3,0.0,27.88,Second Class
DEMO-00574,2024-12-05,2024-12-09,Office Supplies,Paper,Consumer,South,Australia,Demo City 20,534.54,4,0.0,48.19,Same Day
DEMO-00575,2023-07-15,2023-07-17,Office Supplies,Binders,Consumer,East,Japan,Demo City 5,184.65,10,0.0,40.29,Second Class
DEMO-00576,2023-03-14,2023-03-19,Furniture,Chairs,Consumer,South,Australia,Demo City 30,74.72,3,0.2,16.57,Standard Class
DEMO-00577,2024-09-17,2024-09-24,Furniture,Bookcases,Home Office,North,Canada,Demo City 6,20.83,1,0.1,3.15,Standard Class
DEMO-00578,2025-01-15,2025-01-16,Office Supplies,Binders,Corporate,South,Australia,Demo City 24,439.43,6,0.3,-5.47,Same Day
DEMO-00579,2025-06-18,2025-06-25,Furniture,Tables,Corporate,West,United States,Demo City 5,50.96,2,0.1,1.65,Standard Class
DEMO-00580,2024-05-06,2024-05-09,Furniture,Bookcases,Consumer,East,India,Demo City 26,77.84,5,0.3,4.85,Second Class
DEMO-00581,2025-05-13,2025-05-20,Technology,Machines,Home Office,East,Japan,Demo City 29,105.52,2,0.0,27.13,Standard Class
DEMO-00582,2023-11-04,2023-11-08,Furniture,Tables,Home Office,West,United States,Demo City 24,130.08,9,0.5,-14.0,First Class
DEMO-00583,2024-02-24,2024-02-29,Technology,Accessories,Corporate,South,Australia,Demo City 6,259.59,3,0.2,1.98,Second Class
DEMO-00584,2025-08-20,2025-08-23,Technology,Phones,Consumer,East,Japan,Demo City 26,1461.61,9,0.5,-511.26,Second Class
DEMO-00585,2024-04-22,2024-04-29,Office Supplies,Binders,Corporate,North,United Kingdom,Demo City 2,431.25,5,0.0,122.58,Standard Class
DEMO-00586,2023-07-24,2023-07-28,Office Supplies,Storage,Consumer,South,Brazil,Demo City 29,302.98,7,0.1,55.11,First Class
DEMO-00587,2025-04-27,2025-04-30,Office Supplies,Paper,Consumer,North,United Kingdom,Demo City 13,196.95,4,0.3,44.1,Same Day
DEMO-00588,2023-07-24,2023-07-25,Technology,Accessories,Consumer,South,Australia,Demo City 9,1385.63,3,0.3,77.47,First Class
DEMO-00589,2023-09-04,2023-09-05,Furniture,Tables,Corporate,North,Canada,Demo City 18,85.93,3,0.2,12.41,First Class
DEMO-00590,2023-08-02,2023-08-06,Furniture,Bookcases,Home Office,West,Germany,Demo City 7,118.29,2,0.0,4.27,First Class
DEMO-00591,2025-08-02,2025-08-06,Furniture,Tables,Home Office,South,Australia,Demo City 25,1054.04,11,0.0,187.33,First Class
DEMO-00592,2024-08-23,2024-08-28,Technology,Phones,Corporate,South,Australia,Demo City 8,60.91,3,0.2,10.3,Second Class
DEMO-00593,2024-05-27,2024-05-28,Furniture,Bookcases,Consumer,North,Canada,Demo City 24,133.66,5,0.0,8.9,First Class
DEMO-00594,2025-11-06,2025-11-13,Furniture,Chairs,Consumer,South,Australia,Demo City 22,1510.63,11,0.3,121.5,First Class
DEMO-00595,2025-10-16,2025-10-23,Furniture,Tables,Consumer,North,Canada,Demo City 7,412.38,8,0.1,61.06,Standard Class
DEMO-00596,2023-06-22,2023-06-24,Office Supplies,Binders,Consumer,North,Canada,Demo City 10,296.26,6,0.3,-26.6,Second Class
DEMO-00597,2024-03-20,2024-03-25,Furniture,Chairs,Corporate,West,Germany,Demo City 7,246.4,9,0.1,61.07,First Class
DEMO-00598,2025-02-28,2025-03-04,Office Supplies,Storage,Corporate,East,India,Demo City 28,460.26,11,0.1,112.53,First Class
DEMO-00599,2023-11-20,2023-11-23,Furniture,Bookcases,Consumer,East,India,Demo City 30,295.61,4,0.2,29.76,Second Class
DEMO-00600,2024-10-27,2024-11-02,Office Supplies,Paper,Consumer,West,Germany,Demo City 21,213.97,10,0.1,9.62,Same Day
DEMO-00601,2024-04-25,2024-04-28,Office Supplies,Binders,Consumer,North,Canada,Demo City 21,20.97,1,0.0,3.65,Second Class
DEMO-00602,2025-03-29,2025-04-04,Technology,Phones,Consumer,South,Brazil,Demo City 12,137.33,4,0.0,22.15,First Class
DEMO-00603,2025-01-22,2025-01-27,Technology,Accessories,Consumer,West,United States,Demo City 17,194.75,2,0.0,54.06,Second Class
DEMO-00604,2025-09-23,2025-09-24,Office Supplies,Binders,Consumer,East,India,Demo City 12,561.65,10,0.05,133.61,Standard Class
DEMO-00605,2023-09-24,2023-09-29,Technology,Machines,Corporate,South,Australia,Demo City 9,94.12,7,0.1,30.98,First Class
DEMO-00606,2025-10-10,2025-10-15,Office Supplies,Storage,Corporate,North,United Kingdom,Demo City 11,4113.38,8,0.05,755.36,Second Class
DEMO-00607,2024-12-02,2024-12-09,Office Supplies,Paper,Consumer,West,United States,Demo City 30,1766.99,10,0.0,360.47,Second Class
DEMO-00608,2025-12-17,2025-12-21,Furniture,Tables,Home Office,South,Australia,Demo City 22,66.01,3,0.2,-7.04,Same Day
DEMO-00609,2025-12-19,2025-12-24,Office Supplies,Binders,Home Office,South,Australia,Demo City 16,192.05,4,0.0,-1.31,Standard Class
DEMO-00610,2025-09-23,2025-09-30,Technology,Machines,Consumer,East,India,Demo City 2,253.51,3,0.0,42.71,Same Day
DEMO-00611,2025-03-08,2025-03-10,Furniture,Tables,Home Office,East,India,Demo City 20,252.39,8,0.3,-3.02,Second Class
DEMO-00612,2024-08-02,2024-08-08,Technology,Machines,Corporate,South,Australia,Demo City 20,81.32,3,0.1,3.8,Same Day
DEMO-00613,2025-12-12,2025-12-17,Technology,Accessories,Consumer,South,Brazil,Demo City 12,42.77,7,0.0,17.35,Same Day
DEMO-00614,2023-02-23,2023-02-28,Furniture,Tables,Home Office,North,Canada,Demo City 25,192.8,7,0.5,-10.42,First Class
DEMO-00615,2024-11-16,2024-11-18,Furniture,Bookcases,Consumer,East,Japan,Demo City 13,25.97,3,0.2,-2.09,Same Day
DEMO-00616,2023-03-12,2023-03-16,Furniture,Tables,Consumer,North,Canada,Demo City 7,255.46,4,0.2,18.52,Standard Class
DEMO-00617,2024-09-19,2024-09-24,Furniture,Bookcases,Consumer,North,Canada,Demo City 6,387.29,5,0.05,22.85,Second Class
DEMO-00618,2025-04-20,2025-04-26,Office Supplies,Paper,Home Office,West,Germany,Demo City 4,888.56,7,0.1,-54.12,Same Day
DEMO-00619,2024-10-21,2024-10-26,Office Supplies,Binders,Consumer,North,United Kingdom,Demo City 7,279.25,4,0.0,21.1,Same Day
DEMO-00620,2024-12-25,2024-12-30,Technology,Phones,Consumer,North,Canada,Demo City 28,52.83,1,0.3,-9.36,Standard Class
DEMO-00621,2023-10-14,2023-10-20,Office Supplies,Binders,Consumer,South,Australia,Demo City 29,71.23,4,0.2,-1.07,Standard Class
DEMO-00622,2023-08-11,2023-08-13,Furniture,Tables,Corporate,South,Australia,Demo City 3,1579.32,9,0.2,46.4,Standard Class
DEMO-00623,2024-06-20,2024-06-25,Office Supplies,Storage,Corporate,East,Japan,Demo City 18,125.91,3,0.05,27.86,Same Day
DEMO-00624,2025-05-13,2025-05-17,Furniture,Tables,Consumer,West,Germany,Demo City 22,529.42,10,0.2,160.28,First Class
DEMO-00625,2023-12-05,2023-12-10,Furniture,Chairs,Consumer,North,Canada,Demo City 12,69.35,1,0.3,1.93,Same Day
DEMO-00626,2023-07-11,2023-07-14,Office Supplies,Binders,Corporate,North,United Kingdom,Demo City 13,1036.04,10,0.2,9.85,Standard Class
DEMO-00627,2025-06-02,2025-06-04,Technology,Machines,Corporate,West,Germany,Demo City 15,178.89,3,0.3,29.43,First Class
DEMO-00628,2025-12-08,2025-12-13,Office Supplies,Binders,Consumer,North,United Kingdom,Demo City 17,231.11,9,0.05,41.21,Standard Class
DEMO-00629,2025-12-10,2025-12-15,Office Supplies,Paper,Corporate,North,United Kingdom,Demo City 12,95.26,4,0.0,15.3,Second Class
DEMO-00630,2024-10-16,2024-10-23,Technology,Accessories,Consumer,East,India,Demo City 12,89.54,4,0.05,12.37,Second Class
DEMO-00631,2024-04-20,2024-04-23,Furniture,Tables,Consumer,North,Canada,Demo City 26,84.06,4,0.2,-2.49,Same Day
DEMO-00632,2025-06-14,2025-06-17,Technology,Phones,Home Office,South,Australia,Demo City 26,158.87,9,0.1,11.93,Second Class
DEMO-00633,2024-10-25,2024-10-31,Furniture,Bookcases,Home Office,South,Brazil,Demo City 7,294.25,11,0.1,39.07,First Class
DEMO-00634,2025-07-29,2025-07-31,Office Supplies,Storage,Consumer,South,Australia,Demo City 18,227.96,1,0.2,-27.96,First Class
DEMO-00635,2023-04-02,2023-04-03,Office Supplies,Paper,Home Office,West,United States,Demo City 6,85.7,2,0.2,-1.51,First Class
DEMO-00636,2023-04-27,2023-05-01,Office Supplies,Paper,Corporate,West,Germany,Demo City 24,21.22,1,0.1,1.78,First Class
DEMO-00637,2023-07-17,2023-07-20,Furniture,Bookcases,Consumer,North,United Kingdom,Demo City 20,325.1,5,0.0,26.71,Standard Class
DEMO-00638,2025-07-27,2025-07-29,Technology,Accessories,Home Office,South,Brazil,Demo City 22,611.02,10,0.1,39.53,First Class
DEMO-00639,2023-03-27,2023-04-03,Technology,Machines,Corporate,East,Japan,Demo City 18,128.96,4,0.3,-18.08,Same Day
DEMO-00640,2023-04-22,2023-04-23,Office Supplies,Binders,Consumer,South,Brazil,Demo City 13,973.34,8,0.0,271.05,Second Class
DEMO-00641,2024-07-02,2024-07-03,Furniture,Bookcases,Corporate,East,India,Demo City 19,66.8,6,0.05,0.84,First Class
DEMO-00642,2025-07-06,2025-07-11,Technology,Machines,Home Office,East,Japan,Demo City 29,488.52,5,0.2,-37.09,Standard Class
DEMO-00643,2025-11-29,2025-12-03,Office Supplies,Binders,Corporate,North,United Kingdom,Demo City 17,46.54,1,0.0,8.28,Second Class
DEMO-00644,2025-03-09,2025-03-13,Furniture,Tables,Home Office,North,Canada,Demo City 10,158.1,8,0.0,24.32,First Class
DEMO-00645,2023-04-30,2023-05-07,Office Supplies,Storage,Corporate,East,India,Demo City 9,241.46,8,0.0,42.05,Second Class
DEMO-00646,2023-11-22,2023-11-26,Office Supplies,Binders,Consumer,West,United States,Demo City 20,558.99,6,0.05,36.47,Standard Class
DEMO-00647,2025-08-09,2025-08-11,Office Supplies,Paper,Home Office,North,Canada,Demo City 23,217.49,11,0.0,19.99,Same Day
DEMO-00648,2023-03-19,2023-03-20,Technology,Accessories,Consumer,South,Australia,Demo City 11,349.33,5,0.05,40.93,First Class
DEMO-00649,2023-02-28,2023-03-01,Office Supplies,Binders,Consumer,North,Canada,Demo City 3,219.83,2,0.1,21.71,Standard Class
DEMO-00650,2024-10-12,2024-10-17,Office Supplies,Storage,Consumer,West,United States,Demo City 12,424.88,11,0.1,36.88,Standard Class
DEMO-00651,2025-09-15,2025-09-17,Office Supplies,Storage,Corporate,South,Australia,Demo City 26,173.81,7,0.0,44.93,First Class
DEMO-00652,2024-12-18,2024-12-19,Technology,Accessories,Consumer,East,India,Demo City 2,204.42,3,0.0,70.48,Same Day
DEMO-00653,2024-07-23,2024-07-25,Furniture,Bookcases,Corporate,West,Germany,Demo City 10,286.49,10,0.2,3.21,First Class
DEMO-00654,2025-09-03,2025-09-10,Furniture,Chairs,Home Office,North,United Kingdom,Demo City 5,300.15,10,0.05,83.14,Second Class
DEMO-00655,2025-12-14,2025-12-20,Furniture,Bookcases,Corporate,West,Germany,Demo City 28,1807.03,10,0.3,-45.18,First Class
DEMO-00656,2023-07-16,2023-07-19,Office Supplies,Storage,Consumer,North,United Kingdom,Demo City 24,239.95,9,0.5,-95.76,Standard Class
DEMO-00657,2024-11-24,2024-11-28,Technology,Accessories,Home Office,West,Germany,Demo City 12,63.66,7,0.05,0.99,First Class
DEMO-00658,2025-07-01,2025-07-02,Office Supplies,Storage,Corporate,West,Germany,Demo City 3,1826.97,7,0.5,-306.29,First Class
DEMO-00659,2025-11-19,2025-11-21,Office Supplies,Storage,Consumer,East,Japan,Demo City 12,172.21,4,0.0,92.92,Second Class
DEMO-00660,2024-08-14,2024-08-15,Office Supplies,Paper,Home Office,South,Australia,Demo City 2,74.58,4,0.2,4.68,Second Class
DEMO-00661,2024-01-15,2024-01-17,Office Supplies,Binders,Consumer,South,Brazil,Demo City 28,16.74,1,0.2,-0.37,First Class
DEMO-00662,2023-11-06,2023-11-08,Technology,Accessories,Consumer,West,Germany,Demo City 13,185.57,5,0.05,-5.36,Second Class
DEMO-00663,2025-08-16,2025-08-19,Technology,Machines,Consumer,West,United States,Demo City 19,250.05,8,0.2,28.63,Same Day
DEMO-00664,2023-05-20,2023-05-25,Office Supplies,Storage,Consumer,East,Japan,Demo City 15,33.76,4,0.0,11.56,Same Day
DEMO-00665,2024-11-18,2024-11-23,Furniture,Chairs,Corporate,West,Germany,Demo City 20,278.15,8,0.2,42.88,Second Class
DEMO-00666,2024-06-11,2024-06-18,Technology,Accessories,Home Office,West,United States,Demo City 8,482.32,8,0.0,44.2,Second Class
DEMO-00667,2024-10-09,2024-10-14,Furniture,Chairs,Corporate,West,United States,Demo City 16,510.68,10,0.05,273.96,First Class
DEMO-00668,2025-06-03,2025-06-08,Technology,Machines,Home Office,South,Australia,Demo City 29,1273.76,8,0.0,349.29,Standard Class
DEMO-00669,2023-11-13,2023-11-20,Technology,Phones,Corporate,North,Canada,Demo City 14,879.01,9,0.0,210.66,Second Class
DEMO-00670,2023-11-25,2023-11-28,Office Supplies,Binders,Home Office,West,United States,Demo City 3,143.35,6,0.1,31.49,Standard Class
DEMO-00671,2024-03-05,2024-03-11,Furniture,Tables,Corporate,East,India,Demo City 5,91.11,3,0.05,8.63,Standard Class
DEMO-00672,2024-10-11,2024-10-13,Office Supplies,Storage,Home Office,North,United Kingdom,Demo City 9,563.05,9,0.05,19.21,Second Class
DEMO-00673,2025-12-30,2026-01-03,Furniture,Bookcases,Home Office,North,Canada,Demo City 1,3924.33,11,0.0,754.61,Standard Class
DEMO-00674,2023-06-10,2023-06-15,Office Supplies,Paper,Corporate,West,United States,Demo City 1,182.19,8,0.5,-4.81,Second Class
DEMO-00675,2024-06-06,2024-06-08,Office Supplies,Paper,Home Office,East,India,Demo City 23,415.4,5,0.2,-28.2,Standard Class
DEMO-00676,2024-06-05,2024-06-07,Technology,Phones,Home Office,North,Canada,Demo City 13,1263.1,9,0.3,-311.71,Second Class
DEMO-00677,2025-09-06,2025-09-08,Office Supplies,Storage,Home Office,East,Japan,Demo City 19,903.99,5,0.0,382.13,First Class
DEMO-00678,2024-11-22,2024-11-23,Technology,Phones,Consumer,North,Canada,Demo City 23,1521.7,8,0.0,475.22,First Class
DEMO-00679,2025-01-05,2025-01-06,Technology,Accessories,Corporate,North,Canada,Demo City 20,483.63,9,0.2,31.22,Standard Class
DEMO-00680,2023-04-16,2023-04-20,Furniture,Tables,Corporate,West,Germany,Demo City 20,132.55,3,0.2,-2.36,Same Day
DEMO-00681,2023-10-12,2023-10-19,Office Supplies,Storage,Home Office,North,Canada,Demo City 25,8.74,1,0.05,1.23,Standard Class
DEMO-00682,2025-07-06,2025-07-09,Furniture,Tables,Home Office,South,Australia,Demo City 11,522.64,9,0.05,202.19,Second Class
DEMO-00683,2024-11-26,2024-11-30,Office Supplies,Binders,Consumer,West,United States,Demo City 14,171.44,4,0.0,18.02,First Class
DEMO-00684,2023-06-24,2023-06-29,Furniture,Tables,Consumer,West,Germany,Demo City 20,146.47,4,0.0,43.81,First Class
DEMO-00685,2024-06-12,2024-06-14,Technology,Accessories,Consumer,South,Australia,Demo City 19,62.55,4,0.0,9.28,First Class
DEMO-00686,2025-07-22,2025-07-29,Furniture,Bookcases,Consumer,South,Brazil,Demo City 5,67.23,3,0.1,10.05,Standard Class
DEMO-00687,2025-07-06,2025-07-09,Technology,Accessories,Home Office,West,Germany,Demo City 12,1119.92,9,0.05,123.25,Same Day
DEMO-00688,2024-12-27,2024-12-31,Furniture,Chairs,Corporate,South,Brazil,Demo City 14,325.63,7,0.05,5.62,First Class
DEMO-00689,2023-05-28,2023-06-01,Technology,Machines,Consumer,East,Japan,Demo City 30,44.85,4,0.5,-3.21,Standard Class
DEMO-00690,2024-09-05,2024-09-08,Technology,Accessories,Home Office,South,Australia,Demo City 9,87.6,2,0.2,11.9,Standard Class
DEMO-00691,2025-04-07,2025-04-09,Technology,Accessories,Corporate,West,United States,Demo City 27,296.24,5,0.0,14.7,Standard Class
DEMO-00692,2024-01-15,2024-01-22,Office Supplies,Storage,Consumer,North,United Kingdom,Demo City 1,683.64,10,0.0,122.58,Standard Class
DEMO-00693,2024-08-18,2024-08-21,Technology,Accessories,Consumer,West,Germany,Demo City 29,352.21,8,0.3,49.49,First Class
DEMO-00694,2025-10-27,2025-11-01,Office Supplies,Binders,Corporate,East,India,Demo City 19,809.27,11,0.1,-87.18,Same Day
DEMO-00695,2023-02-07,2023-02-10,Technology,Phones,Corporate,East,Japan,Demo City 16,40.23,1,0.1,-0.08,Second Class
DEMO-00696,2024-04-15,2024-04-19,Office Supplies,Paper,Consumer,East,India,Demo City 15,30.18,1,0.3,1.26,First Class
DEMO-00697,2025-10-09,2025-10-14,Furniture,Tables,Corporate,South,Brazil,Demo City 27,156.86,8,0.0,40.86,Standard Class
DEMO-00698,2023-10-31,2023-11-03,Technology,Accessories,Corporate,South,Brazil,Demo City 5,249.13,10,0.2,-17.02,First Class
DEMO-00699,2024-12-04,2024-12-07,Office Supplies,Paper,Corporate,North,United Kingdom,Demo City 22,428.02,7,0.2,-9.45,Standard Class
DEMO-00700,2023-04-29,2023-05-04,Office Supplies,Binders,Consumer,South,Brazil,Demo City 6,24.11,1,0.0,4.55,First Class
DEMO-00701,2025-06-21,2025-06-22,Technology,Machines,Corporate,South,Brazil,Demo City 9,412.17,9,0.2,-55.61,Standard Class
DEMO-00702,2025-11-17,2025-11-19,Office Supplies,Storage,Home Office,West,United States,Demo City 24,97.88,5,0.1,19.22,Same Day
DEMO-00703,2023-05-18,2023-05-19,Technology,Phones,Consumer,North,United Kingdom,Demo City 30,490.46,9,0.1,43.0,First Class
DEMO-00704,2024-09-29,2024-10-06,Office Supplies,Storage,Corporate,South,Australia,Demo City 19,169.85,10,0.2,-9.73,First Class
DEMO-00705,2024-02-26,2024-02-29,Technology,Machines,Home Office,East,Japan,Demo City 16,162.86,10,0.0,28.04,Second Class
DEMO-00706,2024-12-04,2024-12-06,Office Supplies,Storage,Home Office,North,United Kingdom,Demo City 4,277.35,7,0.1,50.55,Same Day
DEMO-00707,2023-07-11,2023-07-12,Technology,Accessories,Home Office,East,India,Demo City 21,28.94,2,0.1,8.97,Same Day
DEMO-00708,2024-12-29,2025-01-02,Furniture,Chairs,Corporate,North,Canada,Demo City 25,161.63,10,0.0,26.68,Same Day
DEMO-00709,2023-12-17,2023-12-24,Furniture,Bookcases,Home Office,West,Germany,Demo City 20,42.25,1,0.2,4.17,Standard Class
DEMO-00710,2025-03-16,2025-03-22,Furniture,Chairs,Consumer,North,United Kingdom,Demo City 10,184.87,10,0.5,-39.05,Standard Class
DEMO-00711,2024-03-27,2024-04-03,Office Supplies,Paper,Consumer,West,Germany,Demo City 5,471.41,9,0.3,45.8,Second Class
DEMO-00712,2025-09-21,2025-09-26,Furniture,Bookcases,Home Office,West,United States,Demo City 2,273.14,8,0.3,51.29,Same Day
DEMO-00713,2024-02-01,2024-02-06,Technology,Accessories,Consumer,South,Brazil,Demo City 1,395.18,8,0.2,30.64,Standard Class
DEMO-00714,2023-11-17,2023-11-23,Office Supplies,Paper,Home Office,West,United States,Demo City 6,357.61,11,0.5,-56.45,Standard Class
DEMO-00715,2025-01-16,2025-01-17,Technology,Phones,Home Office,East,India,Demo City 11,21.61,2,0.1,1.23,First Class
DEMO-00716,2024-12-05,2024-12-08,Furniture,Bookcases,Home Office,West,Germany,Demo City 25,1388.4,6,0.1,-172.87,Same Day
DEMO-00717,2025-01-26,2025-01-31,Technology,Machines,Corporate,West,Germany,Demo City 11,361.6,3,0.1,57.37,First Class
DEMO-00718,2024-07-22,2024-07-24,Office Supplies,Paper,Home Office,North,Canada,Demo City 25,92.01,11,0.5,-30.07,Same Day
DEMO-00719,2024-01-07,2024-01-08,Office Supplies,Paper,Consumer,West,Germany,Demo City 27,679.85,9,0.1,33.46,Same Day
DEMO-00720,2025-09-02,2025-09-05,Technology,Machines,Corporate,East,Japan,Demo City 21,334.65,6,0.3,-15.64,Same Day
DEMO-00721,2024-02-07,2024-02-08,Office Supplies,Binders,Home Office,East,Japan,Demo City 25,424.08,6,0.2,-7.05,First Class
DEMO-00722,2023-09-30,2023-10-03,Office Supplies,Binders,Consumer,North,United Kingdom,Demo City 11,502.0,8,0.2,39.05,Second Class
DEMO-00723,2024-05-11,2024-05-14,Technology,Accessories,Consumer,South,Australia,Demo City 15,83.04,8,0.3,14.03,First Class
DEMO-00724,2025-06-20,2025-06-23,Office Supplies,Binders,Corporate,North,Canada,Demo City 19,922.54,6,0.2,119.07,First Class
DEMO-00725,2023-10-26,2023-10-29,Technology,Machines,Consumer,North,United Kingdom,Demo City 19,1198.94,10,0.1,224.03,Second Class
DEMO-00726,2025-02-13,2025-02-14,Furniture,Bookcases,Home Office,East,India,Demo City 21,138.11,6,0.3,12.3,Same Day
DEMO-00727,2025-07-10,2025-07-15,Office Supplies,Binders,Corporate,West,United States,Demo City 14,30.59,1,0.05,8.31,First Class
DEMO-00728,2025-12-21,2025-12-26,Office Supplies,Binders,Consumer,South,Brazil,Demo City 12,374.51,7,0.0,-9.46,Same Day
DEMO-00729,2024-09-23,2024-09-24,Furniture,Tables,Consumer,East,India,Demo City 3,93.96,2,0.0,13.12,Standard Class
DEMO-00730,2023-08-13,2023-08-16,Technology,Phones,Consumer,South,Australia,Demo City 15,830.55,7,0.0,207.66,Same Day
DEMO-00731,2025-03-23,2025-03-29,Office Supplies,Storage,Consumer,West,United States,Demo City 4,243.5,6,0.0,55.17,Same Day
DEMO-00732,2023-11-23,2023-11-24,Office Supplies,Paper,Home Office,East,India,Demo City 14,231.7,6,0.3,5.47,First Class
DEMO-00733,2025-06-21,2025-06-25,Office Supplies,Paper,Home Office,North,Canada,Demo City 17,507.21,10,0.0,61.65,First Class
DEMO-00734,2024-08-28,2024-09-01,Technology,Accessories,Consumer,East,Japan,Demo City 19,465.84,4,0.0,225.75,Second Class
DEMO-00735,2024-08-06,2024-08-10,Furniture,Bookcases,Consumer,East,Japan,Demo City 5,110.4,9,0.2,-10.16,First Class
DEMO-00736,2024-12-05,2024-12-12,Office Supplies,Paper,Consumer,South,Brazil,Demo City 4,1020.61,7,0.0,321.69,Same Day
DEMO-00737,2023-01-23,2023-01-25,Furniture,Tables,Corporate,North,United Kingdom,Demo City 20,146.67,4,0.0,30.02,First Class
DEMO-00738,2025-09-03,2025-09-04,Office Supplies,Binders,Consumer,West,United States,Demo City 6,278.35,8,0.1,19.41,Standard Class
DEMO-00739,2024-07-09,2024-07-13,Furniture,Bookcases,Consumer,East,Japan,Demo City 16,368.59,5,0.2,57.5,Second Class
DEMO-00740,2025-07-30,2025-07-31,Technology,Phones,Consumer,East,Japan,Demo City 30,229.14,7,0.0,4.69,Second Class
DEMO-00741,2024-01-17,2024-01-22,Technology,Accessories,Home Office,South,Australia,Demo City 9,259.99,8,0.0,29.99,Second Class
DEMO-00742,2025-01-12,2025-01-18,Furniture,Tables,Corporate,North,United Kingdom,Demo City 26,597.58,6,0.5,-141.91,Standard Class
DEMO-00743,2024-11-14,2024-11-19,Technology,Machines,Corporate,East,Japan,Demo City 18,923.97,6,0.1,187.5,Standard Class
DEMO-00744,2025-01-17,2025-01-24,Furniture,Tables,Home Office,South,Australia,Demo City 30,865.13,11,0.1,-51.52,First Class
DEMO-00745,2024-07-10,2024-07-14,Technology,Phones,Consumer,South,Australia,Demo City 18,879.11,7,0.3,113.99,First Class
DEMO-00746,2024-02-20,2024-02-26,Furniture,Chairs,Home Office,North,United Kingdom,Demo City 12,35.49,1,0.1,9.72,Same Day
DEMO-00747,2025-12-20,2025-12-22,Office Supplies,Binders,Home Office,East,Japan,Demo City 16,15.28,1,0.2,2.8,First Class
DEMO-00748,2023-05-21,2023-05-27,Office Supplies,Paper,Home Office,West,United States,Demo City 24,477.36,11,0.3,-10.59,Standard Class
DEMO-00749,2023-10-12,2023-10-13,Office Supplies,Paper,Consumer,North,United Kingdom,Demo City 28,1008.28,11,0.0,387.9,Same Day
DEMO-00750,2024-03-18,2024-03-22,Furniture,Bookcases,Consumer,West,United States,Demo City 23,2068.29,11,0.05,412.73,Same Day
DEMO-00751,2023-12-14,2023-12-16,Office Supplies,Binders,Corporate,West,Germany,Demo City 22,305.08,6,0.05,107.9,Second Class
DEMO-00752,2025-10-22,2025-10-23,Technology,Accessories,Corporate,East,India,Demo City 8,538.7,10,0.0,134.09,Same Day
DEMO-00753,2025-06-27,2025-06-30,Technology,Machines,Home Office,West,Germany,Demo City 10,247.05,7,0.1,21.22,Second Class
DEMO-00754,2024-04-09,2024-04-10,Office Supplies,Paper,Consumer,North,Canada,Demo City 4,388.16,4,0.0,97.41,Same Day
DEMO-00755,2023-03-16,2023-03-18,Technology,Phones,Consumer,East,Japan,Demo City 4,118.21,7,0.05,1.53,First Class
DEMO-00756,2025-07-20,2025-07-23,Furniture,Chairs,Home Office,North,United Kingdom,Demo City 21,8.54,2,0.3,1.13,Standard Class
DEMO-00757,2023-03-02,2023-03-06,Technology,Phones,Corporate,North,Canada,Demo City 12,572.89,7,0.2,-95.66,Standard Class
DEMO-00758,2025-08-25,2025-09-01,Furniture,Chairs,Home Office,East,Japan,Demo City 1,390.61,3,0.3,-25.04,Standard Class
DEMO-00759,2023-08-09,2023-08-16,Technology,Accessories,Corporate,South,Australia,Demo City 3,295.12,7,0.0,57.41,Same Day
DEMO-00760,2024-07-01,2024-07-04,Furniture,Chairs,Home Office,South,Australia,Demo City 6,90.92,2,0.3,-5.67,Second Class
DEMO-00761,2023-02-11,2023-02-12,Office Supplies,Paper,Consumer,North,Canada,Demo City 10,169.97,4,0.0,44.96,First Class
DEMO-00762,2024-12-16,2024-12-18,Technology,Machines,Consumer,East,India,Demo City 5,22.35,3,0.05,5.77,Second Class
DEMO-00763,2025-01-24,2025-01-29,Office Supplies,Binders,Home Office,North,United Kingdom,Demo City 22,107.72,2,0.0,1.52,Second Class
DEMO-00764,2025-10-20,2025-10-22,Office Supplies,Storage,Corporate,West,Germany,Demo City 7,173.81,9,0.3,-32.26,Standard Class
DEMO-00765,2023-01-07,2023-01-11,Furniture,Bookcases,Corporate,South,Australia,Demo City 6,21.68,1,0.0,1.35,First Class
DEMO-00766,2024-12-26,2025-01-02,Technology,Accessories,Corporate,West,Germany,Demo City 17,320.04,8,0.2,39.57,Second Class
DEMO-00767,2025-11-30,2025-12-03,Office Supplies,Storage,Corporate,South,Australia,Demo City 1,304.24,5,0.5,15.01,Standard Class
DEMO-00768,2023-01-24,2023-01-30,Office Supplies,Paper,Consumer,East,India,Demo City 22,205.36,9,0.2,28.93,First Class
DEMO-00769,2025-04-22,2025-04-23,Office Supplies,Paper,Corporate,East,India,Demo City 15,954.89,10,0.0,110.73,Same Day
DEMO-00770,2023-11-12,2023-11-14,Furniture,Bookcases,Home Office,North,United Kingdom,Demo City 12,250.52,6,0.5,-16.95,Second Class
DEMO-00771,2025-09-15,2025-09-17,Technology,Phones,Consumer,South,Australia,Demo City 20,51.72,1,0.3,2.32,First Class
DEMO-00772,2023-10-30,2023-11-03,Furniture,Chairs,Consumer,East,India,Demo City 17,54.11,3,0.1,-2.43,First Class
DEMO-00773,2024-05-19,2024-05-26,Furniture,Bookcases,Corporate,North,United Kingdom,Demo City 29,1555.43,6,0.05,-41.08,Same Day
DEMO-00774,2023-04-04,2023-04-10,Office Supplies,Binders,Corporate,North,Canada,Demo City 29,350.99,4,0.0,93.14,First Class
DEMO-00775,2023-10-07,2023-10-14,Technology,Accessories,Home Office,North,Canada,Demo City 11,67.25,1,0.2,11.57,First Class
DEMO-00776,2023-11-20,2023-11-27,Technology,Accessories,Home Office,South,Brazil,Demo City 30,281.56,10,0.0,109.55,First Class
DEMO-00777,2024-12-22,2024-12-23,Office Supplies,Binders,Home Office,North,United Kingdom,Demo City 22,215.49,6,0.0,33.25,Second Class
DEMO-00778,2025-06-10,2025-06-14,Furniture,Chairs,Consumer,West,United States,Demo City 19,30.05,1,0.3,-2.03,First Class
DEMO-00779,2023-07-29,2023-08-04,Office Supplies,Binders,Consumer,North,Canada,Demo City 12,88.07,1,0.2,9.59,Same Day
DEMO-00780,2025-05-04,2025-05-08,Office Supplies,Paper,Home Office,South,Australia,Demo City 9,64.94,5,0.0,17.43,Second Class
DEMO-00781,2024-12-05,2024-12-06,Furniture,Chairs,Home Office,West,Germany,Demo City 10,490.4,8,0.3,108.1,Same Day
DEMO-00782,2024-01-06,2024-01-12,Office Supplies,Storage,Consumer,East,Japan,Demo City 3,541.33,4,0.5,-120.17,First Class
DEMO-00783,2023-02-15,2023-02-22,Furniture,Bookcases,Consumer,West,United States,Demo City 5,134.12,4,0.2,-9.94,First Class
DEMO-00784,2025-12-14,2025-12-16,Technology,Phones,Corporate,East,India,Demo City 23,432.85,6,0.2,56.43,Same Day
DEMO-00785,2023-10-14,2023-10-17,Technology,Phones,Consumer,North,United Kingdom,Demo City 14,114.24,7,0.0,44.02,Second Class
DEMO-00786,2023-10-18,2023-10-21,Technology,Accessories,Corporate,West,United States,Demo City 14,108.12,6,0.1,12.91,Standard Class
DEMO-00787,2024-03-27,2024-03-29,Furniture,Bookcases,Corporate,East,Japan,Demo City 30,479.32,10,0.3,91.42,Same Day
DEMO-00788,2023-04-23,2023-04-29,Furniture,Tables,Corporate,East,Japan,Demo City 24,225.36,6,0.2,-1.06,Second Class
DEMO-00789,2024-09-11,2024-09-14,Office Supplies,Paper,Corporate,South,Brazil,Demo City 28,203.61,4,0.3,33.36,First Class
DEMO-00790,2024-02-25,2024-02-29,Furniture,Chairs,Home Office,North,United Kingdom,Demo City 14,234.65,10,0.05,63.5,Same Day
DEMO-00791,2024-02-01,2024-02-04,Technology,Machines,Home Office,North,Canada,Demo City 8,595.24,11,0.2,84.13,Second Class
DEMO-00792,2024-10-31,2024-11-02,Office Supplies,Paper,Home Office,South,Australia,Demo City 16,277.19,8,0.3,-3.48,Second Class
DEMO-00793,2025-12-14,2025-12-17,Technology,Phones,Consumer,North,United Kingdom,Demo City 12,447.78,11,0.0,81.15,First Class
DEMO-00794,2025-08-18,2025-08-20,Technology,Phones,Consumer,West,United States,Demo City 4,133.19,9,0.0,7.4,Standard Class
DEMO-00795,2024-05-13,2024-05-18,Technology,Phones,Consumer,East,India,Demo City 13,395.2,3,0.2,-20.7,Standard Class
DEMO-00796,2023-04-16,2023-04-20,Furniture,Chairs,Consumer,West,Germany,Demo City 4,139.41,5,0.3,1.58,Same Day
DEMO-00797,2023-10-12,2023-10-13,Furniture,Bookcases,Consumer,East,India,Demo City 9,271.93,4,0.1,20.76,Standard Class
DEMO-00798,2023-12-13,2023-12-14,Technology,Accessories,Home Office,South,Brazil,Demo City 16,228.88,6,0.0,51.46,First Class
DEMO-00799,2025-03-29,2025-04-02,Furniture,Bookcases,Home Office,South,Brazil,Demo City 19,1101.03,6,0.05,291.22,Same Day
DEMO-00800,2023-01-10,2023-01-15,Office Supplies,Binders,Home Office,West,Germany,Demo City 4,45.77,3,0.0,15.01,Second Class
DEMO-00801,2025-03-18,2025-03-22,Technology,Phones,Home Office,South,Australia,Demo City 25,169.04,6,0.05,1.7,First Class
DEMO-00802,2023-02-16,2023-02-20,Technology,Accessories,Home Office,East,Japan,Demo City 11,73.88,3,0.2,1.58,Standard Class
DEMO-00803,2025-04-17,2025-04-24,Office Supplies,Storage,Corporate,East,Japan,Demo City 18,371.43,11,0.3,50.8,Standard Class
DEMO-00804,2025-01-30,2025-02-05,Technology,Phones,Corporate,North,United Kingdom,Demo City 30,1822.01,9,0.1,635.54,Same Day
DEMO-00805,2024-05-17,2024-05-18,Office Supplies,Paper,Home Office,East,India,Demo City 11,543.97,11,0.3,-40.99,Second Class
DEMO-00806,2024-12-19,2024-12-23,Furniture,Chairs,Corporate,East,India,Demo City 6,1540.29,10,0.0,307.69,Second Class
DEMO-00807,2025-10-03,2025-10-09,Technology,Phones,Consumer,East,Japan,Demo City 27,1449.31,11,0.05,219.03,Same Day
DEMO-00808,2025-05-04,2025-05-06,Technology,Phones,Home Office,North,United Kingdom,Demo City 7,428.82,7,0.1,37.23,Standard Class
DEMO-00809,2023-03-13,2023-03-20,Technology,Phones,Corporate,South,Australia,Demo City 11,1530.8,9,0.2,41.85,Standard Class
DEMO-00810,2023-01-15,2023-01-19,Office Supplies,Paper,Consumer,North,Canada,Demo City 9,243.57,4,0.5,-42.88,Second Class
DEMO-00811,2024-05-24,2024-05-25,Furniture,Bookcases,Corporate,West,United States,Demo City 2,1425.69,8,0.0,363.47,First Class
DEMO-00812,2025-01-01,2025-01-03,Office Supplies,Paper,Home Office,East,India,Demo City 29,811.19,10,0.0,177.5,Standard Class
DEMO-00813,2023-04-03,2023-04-09,Technology,Machines,Consumer,East,India,Demo City 25,2114.2,8,0.05,688.73,Standard Class
DEMO-00814,2023-05-22,2023-05-26,Technology,Accessories,Corporate,South,Brazil,Demo City 4,449.34,10,0.0,184.1,Standard Class
DEMO-00815,2024-11-12,2024-11-17,Furniture,Bookcases,Home Office,West,Germany,Demo City 9,100.42,5,0.2,5.31,First Class
DEMO-00816,2025-10-25,2025-10-31,Technology,Accessories,Home Office,East,Japan,Demo City 1,208.94,8,0.2,54.53,Same Day
DEMO-00817,2025-03-24,2025-03-26,Furniture,Tables,Consumer,West,Germany,Demo City 1,281.04,7,0.2,77.82,Same Day
DEMO-00818,2023-12-03,2023-12-09,Office Supplies,Storage,Home Office,West,United States,Demo City 24,961.6,6,0.05,253.15,Second Class
DEMO-00819,2025-07-15,2025-07-16,Office Supplies,Storage,Consumer,North,United Kingdom,Demo City 12,160.75,3,0.0,25.02,Standard Class
DEMO-00820,2023-11-30,2023-12-01,Office Supplies,Binders,Home Office,East,India,Demo City 13,302.9,2,0.3,17.58,Second Class
DEMO-00821,2023-07-18,2023-07-24,Furniture,Bookcases,Consumer,East,India,Demo City 1,90.01,2,0.5,-17.95,Second Class
DEMO-00822,2023-08-08,2023-08-15,Furniture,Bookcases,Corporate,West,United States,Demo City 16,103.06,4,0.0,20.15,First Class
DEMO-00823,2024-12-11,2024-12-16,Furniture,Chairs,Home Office,North,Canada,Demo City 14,689.24,8,0.2,40.91,Second Class
DEMO-00824,2025-02-15,2025-02-21,Furniture,Tables,Consumer,North,United Kingdom,Demo City 23,448.07,8,0.2,31.21,Second Class
DEMO-00825,2023-07-09,2023-07-12,Office Supplies,Storage,Corporate,East,India,Demo City 18,73.43,2,0.0,11.32,Same Day
DEMO-00826,2025-05-09,2025-05-16,Furniture,Tables,Home Office,East,Japan,Demo City 8,265.44,6,0.1,6.06,Second Class
DEMO-00827,2025-02-26,2025-03-04,Furniture,Bookcases,Home Office,South,Australia,Demo City 29,84.73,10,0.0,14.84,Second Class
DEMO-00828,2024-06-10,2024-06-14,Technology,Accessories,Home Office,North,United Kingdom,Demo City 2,863.27,10,0.05,144.22,Standard Class
DEMO-00829,2023-06-05,2023-06-12,Furniture,Tables,Corporate,South,Australia,Demo City 2,252.75,10,0.0,58.04,Same Day
DEMO-00830,2024-05-16,2024-05-20,Furniture,Tables,Corporate,North,Canada,Demo City 24,218.35,4,0.3,24.64,Standard Class
DEMO-00831,2024-06-09,2024-06-10,Technology,Accessories,Home Office,West,Germany,Demo City 18,561.5,9,0.1,150.22,First Class
DEMO-00832,2025-09-02,2025-09-06,Office Supplies,Binders,Consumer,North,Canada,Demo City 14,1052.69,7,0.5,-300.62,First Class
DEMO-00833,2023-03-29,2023-04-03,Furniture,Chairs,Corporate,East,India,Demo City 12,222.02,2,0.0,28.42,Same Day
DEMO-00834,2023-01-24,2023-01-27,Furniture,Tables,Corporate,East,India,Demo City 3,180.11,10,0.2,3.42,Standard Class
DEMO-00835,2023-03-21,2023-03-26,Technology,Accessories,Home Office,South,Brazil,Demo City 17,196.81,5,0.0,35.25,First Class
DEMO-00836,2025-09-30,2025-10-05,Office Supplies,Paper,Home Office,West,United States,Demo City 12,172.7,9,0.0,23.39,Second Class
DEMO-00837,2024-01-28,2024-01-29,Technology,Accessories,Corporate,East,India,Demo City 3,169.9,4,0.0,42.52,First Class
DEMO-00838,2024-10-18,2024-10-25,Office Supplies,Binders,Corporate,South,Brazil,Demo City 26,516.18,8,0.0,84.13,Standard Class
DEMO-00839,2023-10-19,2023-10-24,Furniture,Tables,Home Office,West,United States,Demo City 29,1952.36,10,0.1,408.74,First Class
DEMO-00840,2023-10-21,2023-10-24,Furniture,Chairs,Corporate,South,Australia,Demo City 3,1063.36,8,0.3,96.77,First Class
DEMO-00841,2023-03-02,2023-03-06,Office Supplies,Paper,Corporate,South,Australia,Demo City 16,474.5,11,0.1,90.08,First Class
DEMO-00842,2023-04-04,2023-04-08,Technology,Phones,Corporate,South,Brazil,Demo City 20,371.85,5,0.2,22.23,First Class
DEMO-00843,2024-12-26,2024-12-31,Office Supplies,Paper,Corporate,West,United States,Demo City 6,3515.6,10,0.05,684.14,First Class
DEMO-00844,2023-12-15,2023-12-20,Furniture,Chairs,Corporate,West,Germany,Demo City 26,181.35,3,0.1,13.06,Second Class
DEMO-00845,2025-07-24,2025-07-30,Technology,Machines,Consumer,West,United States,Demo City 19,770.26,9,0.1,153.43,Second Class
DEMO-00846,2024-10-03,2024-10-05,Technology,Phones,Consumer,South,Brazil,Demo City 1,46.46,2,0.1,5.88,Same Day
DEMO-00847,2024-02-11,2024-02-15,Furniture,Bookcases,Consumer,East,Japan,Demo City 20,714.21,11,0.1,199.97,Same Day
DEMO-00848,2025-05-17,2025-05-24,Office Supplies,Paper,Corporate,East,India,Demo City 28,40.88,9,0.1,4.22,Standard Class
DEMO-00849,2024-07-12,2024-07-19,Technology,Phones,Home Office,North,Canada,Demo City 5,274.04,7,0.5,-22.81,Second Class
DEMO-00850,2024-03-02,2024-03-09,Technology,Accessories,Home Office,East,Japan,Demo City 26,32.32,1,0.0,7.94,Second Class
DEMO-00851,2023-07-16,2023-07-19,Furniture,Tables,Consumer,East,India,Demo City 7,52.43,5,0.0,14.59,Standard Class
DEMO-00852,2023-11-30,2023-12-03,Technology,Phones,Corporate,North,United Kingdom,Demo City 21,770.02,10,0.0,92.57,Standard Class
DEMO-00853,2023-05-16,2023-05-19,Furniture,Chairs,Consumer,East,Japan,Demo City 13,1386.29,7,0.2,-151.12,First Class
DEMO-00854,2025-08-18,2025-08-23,Office Supplies,Binders,Corporate,North,United Kingdom,Demo City 3,648.62,4,0.2,125.1,Same Day
DEMO-00855,2024-04-27,2024-05-02,Office Supplies,Paper,Corporate,West,Germany,Demo City 15,616.32,11,0.1,-70.52,Second Class
DEMO-00856,2024-10-02,2024-10-03,Office Supplies,Storage,Corporate,North,United Kingdom,Demo City 16,18.96,3,0.0,5.94,Same Day
DEMO-00857,2024-12-10,2024-12-16,Furniture,Chairs,Home Office,South,Australia,Demo City 25,84.87,6,0.2,10.31,Same Day
DEMO-00858,2024-04-06,2024-04-12,Office Supplies,Paper,Home Office,West,Germany,Demo City 25,792.65,5,0.2,-34.39,Same Day
DEMO-00859,2023-06-30,2023-07-06,Office Supplies,Binders,Corporate,South,Brazil,Demo City 14,635.7,8,0.05,92.58,First Class
DEMO-00860,2023-02-23,2023-03-02,Furniture,Bookcases,Consumer,South,Brazil,Demo City 13,137.34,2,0.05,12.78,First Class
DEMO-00861,2025-08-23,2025-08-27,Office Supplies,Binders,Consumer,East,India,Demo City 27,1173.95,8,0.2,8.85,Second Class
DEMO-00862,2025-04-26,2025-05-02,Technology,Machines,Home Office,East,Japan,Demo City 28,1581.11,6,0.1,187.47,First Class
DEMO-00863,2025-08-26,2025-08-31,Office Supplies,Binders,Home Office,East,Japan,Demo City 1,1702.16,10,0.1,431.64,Second Class
DEMO-00864,2024-01-01,2024-01-03,Technology,Machines,Corporate,South,Australia,Demo City 14,183.19,7,0.05,-4.96,Second Class
DEMO-00865,2025-06-05,2025-06-09,Office Supplies,Storage,Home Office,North,United Kingdom,Demo City 27,207.15,7,0.1,71.57,Second Class
DEMO-00866,2025-08-11,2025-08-13,Office Supplies,Storage,Home Office,North,United Kingdom,Demo City 1,448.94,11,0.1,84.58,First Class
DEMO-00867,2025-12-13,2025-12-18,Furniture,Chairs,Corporate,West,United States,Demo City 25,670.97,11,0.05,61.77,Standard Class
DEMO-00868,2023-10-02,2023-10-06,Technology,Machines,Home Office,North,United Kingdom,Demo City 5,50.79,1,0.0,5.39,Same Day
DEMO-00869,2023-04-08,2023-04-15,Office Supplies,Binders,Corporate,East,Japan,Demo City 6,42.13,5,0.3,-13.56,First Class
DEMO-00870,2024-09-19,2024-09-23,Technology,Accessories,Consumer,West,Germany,Demo City 28,318.25,5,0.3,-4.22,Same Day
DEMO-00871,2024-07-30,2024-07-31,Furniture,Tables,Consumer,North,Canada,Demo City 2,681.67,8,0.0,117.82,First Class
DEMO-00872,2023-03-29,2023-03-31,Furniture,Tables,Corporate,West,Germany,Demo City 30,1418.45,11,0.05,530.47,Same Day
DEMO-00873,2024-07-01,2024-07-06,Office Supplies,Paper,Consumer,North,United Kingdom,Demo City 25,912.23,3,0.0,216.56,First Class
DEMO-00874,2023-04-19,2023-04-26,Technology,Machines,Home Office,West,United States,Demo City 5,303.0,11,0.2,20.49,Second Class
DEMO-00875,2024-08-06,2024-08-09,Technology,Machines,Corporate,South,Brazil,Demo City 2,97.03,6,0.05,23.16,Standard Class
DEMO-00876,2024-04-28,2024-04-30,Technology,Machines,Consumer,South,Brazil,Demo City 3,890.9,10,0.0,119.92,Second Class
DEMO-00877,2024-01-19,2024-01-22,Technology,Phones,Home Office,North,Canada,Demo City 3,92.73,5,0.3,-5.56,First Class
DEMO-00878,2025-06-11,2025-06-13,Office Supplies,Binders,Home Office,North,United Kingdom,Demo City 12,65.17,4,0.1,-0.59,Standard Class
DEMO-00879,2025-10-24,2025-10-29,Technology,Machines,Home Office,West,Germany,Demo City 6,777.85,9,0.3,-107.44,First Class
DEMO-00880,2024-08-10,2024-08-16,Technology,Accessories,Home Office,South,Brazil,Demo City 28,557.97,2,0.05,-26.81,First Class
DEMO-00881,2025-07-05,2025-07-08,Technology,Machines,Consumer,South,Australia,Demo City 25,81.15,6,0.05,10.02,First Class
DEMO-00882,2023-06-23,2023-06-26,Office Supplies,Binders,Consumer,North,United Kingdom,Demo City 28,161.87,3,0.0,1.91,Same Day
DEMO-00883,2024-10-03,2024-10-06,Furniture,Tables,Home Office,East,Japan,Demo City 27,227.59,8,0.1,20.91,Standard Class
DEMO-00884,2023-08-27,2023-08-30,Technology,Machines,Home Office,East,Japan,Demo City 27,628.14,5,0.0,260.46,Second Class
DEMO-00885,2025-10-22,2025-10-23,Office Supplies,Storage,Corporate,South,Australia,Demo City 1,826.1,10,0.05,101.5,Second Class
DEMO-00886,2024-10-21,2024-10-24,Furniture,Tables,Home Office,East,Japan,Demo City 8,392.09,2,0.0,60.2,Same Day
DEMO-00887,2024-01-21,2024-01-27,Furniture,Chairs,Corporate,North,United Kingdom,Demo City 7,1141.77,10,0.2,85.75,First Class
DEMO-00888,2024-02-18,2024-02-24,Technology,Machines,Home Office,East,India,Demo City 14,783.64,11,0.1,275.3,Standard Class
DEMO-00889,2023-01-24,2023-01-31,Technology,Phones,Corporate,North,United Kingdom,Demo City 11,447.02,7,0.1,-8.26,First Class
DEMO-00890,2023-06-29,2023-07-05,Furniture,Chairs,Corporate,North,Canada,Demo City 26,279.93,6,0.0,73.77,Second Class
DEMO-00891,2024-05-03,2024-05-05,Technology,Machines,Corporate,North,Canada,Demo City 12,42.51,2,0.5,-9.83,First Class
DEMO-00892,2023-11-28,2023-11-30,Furniture,Tables,Corporate,South,Brazil,Demo City 11,39.03,1,0.1,-2.32,First Class
DEMO-00893,2024-11-04,2024-11-05,Furniture,Tables,Home Office,South,Australia,Demo City 8,480.39,7,0.1,8.72,First Class
DEMO-00894,2025-08-16,2025-08-21,Office Supplies,Storage,Corporate,East,India,Demo City 19,234.8,5,0.05,76.66,First Class
DEMO-00895,2025-10-28,2025-11-02,Technology,Machines,Corporate,North,United Kingdom,Demo City 17,96.89,2,0.2,0.13,Same Day
DEMO-00896,2023-10-04,2023-10-06,Office Supplies,Binders,Consumer,North,United Kingdom,Demo City 5,403.95,8,0.2,75.95,First Class
DEMO-00897,2025-07-23,2025-07-25,Office Supplies,Storage,Home Office,North,United Kingdom,Demo City 29,457.58,8,0.0,137.13,Second Class
DEMO-00898,2025-11-11,2025-11-14,Technology,Accessories,Corporate,North,United Kingdom,Demo City 25,1251.07,3,0.05,98.31,Second Class
DEMO-00899,2023-02-02,2023-02-06,Furniture,Bookcases,Home Office,West,Germany,Demo City 5,1214.11,7,0.05,242.99,Same Day
DEMO-00900,2023-11-17,2023-11-23,Technology,Accessories,Corporate,North,United Kingdom,Demo City 21,298.84,9,0.2,16.69,First Class
DEMO-00901,2025-04-06,2025-04-13,Furniture,Tables,Home Office,North,Canada,Demo City 28,643.21,5,0.3,70.56,First Class
DEMO-00902,2024-02-04,2024-02-11,Technology,Machines,Corporate,North,United Kingdom,Demo City 8,646.64,7,0.0,113.12,Same Day
DEMO-00903,2023-03-31,2023-04-03,Furniture,Tables,Corporate,West,United States,Demo City 17,14.9,1,0.0,2.6,First Class
DEMO-00904,2023-06-10,2023-06-17,Furniture,Chairs,Home Office,East,India,Demo City 11,309.43,8,0.0,50.59,Same Day
DEMO-00905,2023-05-23,2023-05-29,Office Supplies,Storage,Consumer,North,Canada,Demo City 17,855.24,7,0.0,173.04,First Class
DEMO-00906,2023-08-19,2023-08-23,Furniture,Bookcases,Corporate,West,Germany,Demo City 4,607.5,8,0.0,121.45,Same Day
DEMO-00907,2025-04-25,2025-04-26,Office Supplies,Paper,Corporate,South,Brazil,Demo City 7,141.21,6,0.1,7.12,Second Class
DEMO-00908,2025-07-01,2025-07-08,Furniture,Chairs,Home Office,South,Brazil,Demo City 1,117.69,5,0.2,-2.0,Second Class
DEMO-00909,2025-06-14,2025-06-20,Office Supplies,Binders,Corporate,South,Brazil,Demo City 5,37.88,1,0.0,4.82,Same Day
DEMO-00910,2024-04-18,2024-04-21,Furniture,Chairs,Corporate,South,Brazil,Demo City 17,506.66,4,0.1,66.46,Second Class
DEMO-00911,2023-05-21,2023-05-25,Office Supplies,Binders,Consumer,West,United States,Demo City 19,335.82,8,0.1,47.53,Same Day
DEMO-00912,2024-09-08,2024-09-10,Technology,Phones,Consumer,North,Canada,Demo City 3,56.71,4,0.1,18.71,Standard Class
DEMO-00913,2025-06-23,2025-06-28,Furniture,Chairs,Consumer,North,United Kingdom,Demo City 1,727.3,11,0.1,74.26,Second Class
DEMO-00914,2024-04-05,2024-04-07,Technology,Phones,Consumer,East,Japan,Demo City 29,323.45,6,0.2,39.58,Standard Class
DEMO-00915,2025-08-13,2025-08-17,Office Supplies,Paper,Home Office,West,United States,Demo City 9,1181.94,11,0.3,-155.17,First Class
DEMO-00916,2024-08-18,2024-08-21,Furniture,Tables,Corporate,North,Canada,Demo City 19,93.08,1,0.5,-5.24,Same Day
DEMO-00917,2024-06-08,2024-06-09,Technology,Accessories,Consumer,North,United Kingdom,Demo City 28,50.28,2,0.2,2.75,Second Class
DEMO-00918,2024-05-13,2024-05-16,Technology,Accessories,Consumer,North,Canada,Demo City 19,35.98,3,0.2,0.2,Same Day
DEMO-00919,2023-08-31,2023-09-04,Technology,Machines,Consumer,West,Germany,Demo City 1,444.0,6,0.05,55.74,Same Day
DEMO-00920,2025-03-07,2025-03-08,Office Supplies,Paper,Corporate,East,Japan,Demo City 19,237.92,7,0.0,73.16,First Class
DEMO-00921,2023-06-17,2023-06-18,Furniture,Tables,Consumer,West,United States,Demo City 4,648.33,3,0.3,-32.26,Second Class
DEMO-00922,2023-12-05,2023-12-10,Office Supplies,Storage,Home Office,South,Brazil,Demo City 28,133.67,9,0.0,30.91,Same Day
DEMO-00923,2025-12-26,2025-12-27,Furniture,Tables,Corporate,East,Japan,Demo City 3,395.41,8,0.0,56.65,Standard Class
DEMO-00924,2025-02-24,2025-02-25,Furniture,Bookcases,Corporate,West,United States,Demo City 23,1185.53,10,0.3,-77.57,First Class
DEMO-00925,2023-10-21,2023-10-24,Furniture,Chairs,Corporate,South,Australia,Demo City 23,1324.23,6,0.1,227.24,Same Day
DEMO-00926,2024-08-18,2024-08-22,Technology,Phones,Corporate,East,Japan,Demo City 23,2562.1,9,0.3,-116.3,Standard Class
DEMO-00927,2025-10-19,2025-10-25,Furniture,Chairs,Corporate,West,Germany,Demo City 11,132.19,11,0.0,32.42,Standard Class
DEMO-00928,2023-02-13,2023-02-17,Office Supplies,Binders,Consumer,West,United States,Demo City 11,153.82,4,0.1,24.86,Second Class
DEMO-00929,2024-02-19,2024-02-22,Furniture,Chairs,Home Office,West,Germany,Demo City 12,161.12,6,0.3,0.75,Second Class
DEMO-00930,2023-01-18,2023-01-25,Office Supplies,Storage,Home Office,North,Canada,Demo City 28,19.38,2,0.0,1.79,Second Class
DEMO-00931,2024-09-18,2024-09-20,Office Supplies,Binders,Corporate,East,Japan,Demo City 30,357.71,8,0.0,12.22,First Class
DEMO-00932,2023-05-22,2023-05-27,Furniture,Bookcases,Corporate,East,India,Demo City 10,1009.73,11,0.3,144.68,Standard Class
DEMO-00933,2025-09-24,2025-09-27,Office Supplies,Binders,Consumer,East,India,Demo City 27,3020.16,8,0.1,215.0,Standard Class
DEMO-00934,2024-09-18,2024-09-24,Furniture,Bookcases,Home Office,South,Brazil,Demo City 22,113.01,6,0.0,3.66,Second Class
DEMO-00935,2023-10-09,2023-10-12,Office Supplies,Storage,Home Office,North,United Kingdom,Demo City 19,67.36,2,0.0,16.43,First Class
DEMO-00936,2023-08-20,2023-08-25,Furniture,Chairs,Home Office,West,United States,Demo City 15,37.63,2,0.05,6.22,First Class
DEMO-00937,2023-12-13,2023-12-20,Office Supplies,Binders,Home Office,South,Brazil,Demo City 21,777.14,6,0.0,136.07,Second Class
DEMO-00938,2024-11-08,2024-11-14,Furniture,Chairs,Home Office,North,United Kingdom,Demo City 27,606.95,8,0.3,-109.63,Same Day
DEMO-00939,2025-10-23,2025-10-24,Technology,Accessories,Corporate,South,Brazil,Demo City 4,72.88,2,0.1,7.77,Same Day
DEMO-00940,2023-01-15,2023-01-16,Furniture,Bookcases,Home Office,West,United States,Demo City 17,430.9,8,0.3,-78.96,Same Day
DEMO-00941,2025-09-12,2025-09-18,Furniture,Tables,Corporate,North,United Kingdom,Demo City 29,45.89,1,0.05,9.92,Second Class
DEMO-00942,2024-11-13,2024-11-20,Technology,Machines,Home Office,North,United Kingdom,Demo City 1,229.79,11,0.2,88.82,Same Day
DEMO-00943,2024-03-17,2024-03-22,Technology,Phones,Home Office,East,Japan,Demo City 4,208.8,10,0.05,19.0,Same Day
DEMO-00944,2023-06-03,2023-06-04,Technology,Accessories,Consumer,East,India,Demo City 24,108.36,7,0.3,1.16,Same Day
DEMO-00945,2025-08-15,2025-08-21,Furniture,Tables,Consumer,West,United States,Demo City 16,307.87,9,0.2,9.24,First Class
DEMO-00946,2025-01-12,2025-01-13,Technology,Machines,Corporate,East,Japan,Demo City 11,70.66,10,0.05,19.57,Standard Class
DEMO-00947,2024-09-16,2024-09-21,Technology,Machines,Home Office,West,Germany,Demo City 19,175.87,10,0.0,29.35,First Class
DEMO-00948,2024-06-17,2024-06-20,Furniture,Chairs,Consumer,North,United Kingdom,Demo City 22,17.7,1,0.1,3.66,Same Day
DEMO-00949,2024-01-11,2024-01-14,Technology,Machines,Consumer,South,Australia,Demo City 30,346.74,8,0.2,31.94,First Class
DEMO-00950,2023-08-15,2023-08-21,Office Supplies,Paper,Home Office,West,Germany,Demo City 30,96.75,3,0.1,20.88,Same Day
DEMO-00951,2025-01-31,2025-02-07,Technology,Accessories,Consumer,North,Canada,Demo City 19,898.16,7,0.1,171.78,Second Class
DEMO-00952,2023-10-05,2023-10-07,Office Supplies,Storage,Home Office,West,United States,Demo City 19,250.48,5,0.2,-78.14,Second Class
DEMO-00953,2024-07-22,2024-07-29,Furniture,Tables,Home Office,South,Brazil,Demo City 20,87.63,6,0.05,10.78,First Class
DEMO-00954,2024-01-03,2024-01-08,Furniture,Tables,Corporate,South,Australia,Demo City 13,292.9,10,0.0,-10.21,Second Class
DEMO-00955,2023-11-25,2023-11-30,Technology,Phones,Consumer,North,Canada,Demo City 21,122.2,5,0.1,-12.9,Same Day
DEMO-00956,2025-10-09,2025-10-14,Technology,Phones,Corporate,North,Canada,Demo City 24,362.91,7,0.0,107.15,First Class
DEMO-00957,2024-02-10,2024-02-16,Technology,Machines,Corporate,North,United Kingdom,Demo City 8,374.8,6,0.05,74.67,Standard Class
DEMO-00958,2024-05-15,2024-05-19,Technology,Accessories,Consumer,South,Australia,Demo City 18,195.32,1,0.1,15.03,Same Day
DEMO-00959,2024-02-13,2024-02-15,Technology,Machines,Corporate,North,United Kingdom,Demo City 11,298.7,5,0.3,-51.16,Standard Class
DEMO-00960,2024-08-03,2024-08-06,Office Supplies,Binders,Home Office,East,Japan,Demo City 1,877.23,5,0.05,160.85,Second Class
DEMO-00961,2024-12-20,2024-12-27,Technology,Phones,Home Office,North,Canada,Demo City 21,400.55,5,0.1,82.26,First Class
DEMO-00962,2025-05-21,2025-05-23,Technology,Phones,Home Office,East,Japan,Demo City 18,215.94,8,0.05,10.92,Same Day
DEMO-00963,2024-05-12,2024-05-16,Office Supplies,Storage,Corporate,South,Brazil,Demo City 23,725.98,10,0.0,-95.79,Same Day
DEMO-00964,2023-05-15,2023-05-18,Office Supplies,Paper,Home Office,South,Australia,Demo City 29,177.85,4,0.2,37.58,First Class
DEMO-00965,2025-08-20,2025-08-23,Furniture,Tables,Consumer,North,Canada,Demo City 13,61.41,2,0.0,16.33,Same Day
DEMO-00966,2025-09-30,2025-10-02,Furniture,Chairs,Corporate,North,United Kingdom,Demo City 26,253.67,8,0.2,11.32,Same Day
DEMO-00967,2023-01-23,2023-01-27,Furniture,Bookcases,Consumer,East,Japan,Demo City 25,128.57,10,0.1,27.92,Second Class
DEMO-00968,2023-04-14,2023-04-16,Office Supplies,Storage,Consumer,East,India,Demo City 20,401.91,9,0.0,68.42,Same Day
DEMO-00969,2025-01-26,2025-01-29,Office Supplies,Paper,Home Office,South,Australia,Demo City 30,551.57,6,0.0,82.4,Standard Class
DEMO-00970,2024-08-19,2024-08-22,Office Supplies,Paper,Corporate,North,United Kingdom,Demo City 11,318.44,7,0.2,27.71,First Class
DEMO-00971,2024-04-18,2024-04-20,Furniture,Tables,Home Office,West,Germany,Demo City 19,180.54,6,0.2,29.83,Standard Class
DEMO-00972,2024-05-04,2024-05-09,Office Supplies,Binders,Consumer,West,United States,Demo City 13,188.17,2,0.3,-32.9,First Class
DEMO-00973,2023-12-07,2023-12-10,Furniture,Bookcases,Home Office,East,India,Demo City 13,36.55,4,0.05,-7.77,Second Class
DEMO-00974,2025-10-03,2025-10-06,Office Supplies,Binders,Consumer,North,Canada,Demo City 2,223.29,7,0.0,41.09,First Class
DEMO-00975,2025-05-20,2025-05-26,Technology,Phones,Consumer,East,Japan,Demo City 9,1129.92,10,0.1,111.94,Standard Class
DEMO-00976,2025-09-09,2025-09-13,Office Supplies,Paper,Home Office,West,United States,Demo City 23,243.75,9,0.2,12.97,Second Class
DEMO-00977,2025-12-21,2025-12-22,Technology,Machines,Consumer,North,United Kingdom,Demo City 26,71.87,3,0.1,5.79,Standard Class
DEMO-00978,2024-08-06,2024-08-13,Furniture,Chairs,Consumer,East,Japan,Demo City 14,139.03,2,0.2,11.23,Standard Class
DEMO-00979,2024-02-02,2024-02-04,Technology,Phones,Home Office,South,Australia,Demo City 15,812.17,8,0.0,86.9,First Class
DEMO-00980,2025-05-09,2025-05-14,Technology,Accessories,Corporate,East,India,Demo City 6,385.67,11,0.0,73.64,Standard Class
DEMO-00981,2024-03-05,2024-03-10,Office Supplies,Binders,Home Office,West,Germany,Demo City 11,435.59,4,0.05,141.51,Standard Class
DEMO-00982,2023-06-18,2023-06-19,Furniture,Bookcases,Corporate,East,Japan,Demo City 13,138.33,10,0.1,-5.78,Same Day
DEMO-00983,2023-12-08,2023-12-11,Office Supplies,Binders,Corporate,West,Germany,Demo City 21,1768.33,11,0.3,111.2,Second Class
DEMO-00984,2025-03-03,2025-03-07,Office Supplies,Paper,Consumer,West,Germany,Demo City 7,138.22,7,0.3,15.81,First Class
DEMO-00985,2023-02-26,2023-03-01,Office Supplies,Paper,Consumer,South,Brazil,Demo City 24,460.99,7,0.0,-53.58,Standard Class
DEMO-00986,2023-05-28,2023-05-30,Technology,Machines,Home Office,North,Canada,Demo City 1,371.63,7,0.0,-23.72,Second Class
DEMO-00987,2023-02-07,2023-02-08,Office Supplies,Binders,Home Office,South,Brazil,Demo City 25,87.4,10,0.2,5.77,First Class
DEMO-00988,2023-11-10,2023-11-12,Furniture,Chairs,Home Office,South,Brazil,Demo City 27,39.83,3,0.0,8.34,First Class
DEMO-00989,2024-03-08,2024-03-09,Furniture,Tables,Corporate,North,Canada,Demo City 7,158.92,9,0.1,66.94,Standard Class
DEMO-00990,2024-07-13,2024-07-20,Furniture,Tables,Home Office,East,Japan,Demo City 12,37.11,1,0.2,-3.11,Second Class
DEMO-00991,2025-04-07,2025-04-09,Office Supplies,Storage,Home Office,South,Brazil,Demo City 20,121.38,10,0.3,-4.16,Same Day
DEMO-00992,2024-01-01,2024-01-08,Office Supplies,Binders,Consumer,East,India,Demo City 4,211.16,10,0.1,60.84,Second Class
DEMO-00993,2023-02-12,2023-02-19,Furniture,Bookcases,Consumer,North,Canada,Demo City 13,564.68,6,0.0,16.22,Standard Class
DEMO-00994,2023-06-12,2023-06-17,Office Supplies,Paper,Home Office,West,United States,Demo City 17,665.7,8,0.1,26.28,First Class
DEMO-00995,2023-07-15,2023-07-20,Technology,Phones,Consumer,East,India,Demo City 18,422.59,4,0.0,83.87,First Class
DEMO-00996,2025-05-09,2025-05-13,Furniture,Bookcases,Corporate,North,United Kingdom,Demo City 27,94.17,3,0.3,21.97,First Class
DEMO-00997,2025-05-27,2025-05-30,Technology,Accessories,Consumer,West,Germany,Demo City 22,922.95,7,0.1,136.48,Same Day
DEMO-00998,2023-01-27,2023-01-30,Office Supplies,Binders,Home Office,South,Brazil,Demo City 27,633.49,6,0.0,157.87,Second Class
DEMO-00999,2024-06-24,2024-06-29,Furniture,Bookcases,Corporate,West,Germany,Demo City 12,32.25,3,0.2,0.11,Same Day
DEMO-01000,2024-03-08,2024-03-11,Office Supplies,Storage,Home Office,West,Germany,Demo City 18,149.63,8,0.3,-20.64,Same Day
DEMO-01001,2024-02-14,2024-02-16,Technology,Phones,Consumer,East,India,Demo City 14,129.25,3,0.1,31.35,Second Class
DEMO-01002,2024-02-10,2024-02-14,Office Supplies,Storage,Home Office,North,Canada,Demo City 3,774.53,11,0.1,13.53,Second Class
DEMO-01003,2025-01-28,2025-02-02,Office Supplies,Paper,Consumer,North,United Kingdom,Demo City 20,38.77,3,0.5,-8.49,First Class
DEMO-01004,2023-09-14,2023-09-15,Office Supplies,Paper,Corporate,North,United Kingdom,Demo City 23,272.77,10,0.3,49.93,Standard Class
DEMO-01005,2025-07-01,2025-07-05,Technology,Accessories,Corporate,South,Australia,Demo City 7,1023.2,11,0.0,317.05,Same Day
DEMO-01006,2024-06-30,2024-07-01,Office Supplies,Storage,Consumer,North,United Kingdom,Demo City 29,10.49,2,0.2,1.27,Same Day
DEMO-01007,2023-07-01,2023-07-07,Technology,Machines,Consumer,East,India,Demo City 23,350.65,7,0.05,76.27,Same Day
DEMO-01008,2025-10-31,2025-11-05,Technology,Machines,Home Office,East,Japan,Demo City 27,46.62,4,0.05,6.96,Standard Class
DEMO-01009,2025-12-03,2025-12-07,Office Supplies,Storage,Corporate,West,United States,Demo City 28,97.58,4,0.1,23.99,Same Day
DEMO-01010,2023-03-31,2023-04-01,Technology,Accessories,Home Office,West,United States,Demo City 10,710.25,10,0.05,168.31,Second Class
DEMO-01011,2024-12-02,2024-12-07,Technology,Machines,Consumer,South,Brazil,Demo City 30,402.79,3,0.05,-9.6,Standard Class
DEMO-01012,2024-07-23,2024-07-30,Technology,Phones,Corporate,West,Germany,Demo City 10,120.47,2,0.1,23.63,Same Day
DEMO-01013,2024-09-15,2024-09-19,Technology,Phones,Consumer,West,Germany,Demo City 10,61.46,3,0.0,9.72,Standard Class
DEMO-01014,2023-06-25,2023-06-28,Office Supplies,Storage,Home Office,South,Brazil,Demo City 22,634.64,8,0.2,151.97,First Class
DEMO-01015,2023-09-20,2023-09-25,Technology,Machines,Corporate,East,India,Demo City 9,326.1,6,0.0,58.99,Second Class
DEMO-01016,2023-05-05,2023-05-12,Office Supplies,Storage,Corporate,South,Australia,Demo City 21,298.39,9,0.1,39.32,Second Class
DEMO-01017,2024-11-19,2024-11-26,Furniture,Bookcases,Home Office,East,India,Demo City 5,2310.8,9,0.2,-250.53,First Class
DEMO-01018,2023-06-16,2023-06-23,Office Supplies,Storage,Consumer,East,Japan,Demo City 22,92.67,3,0.1,12.81,First Class
DEMO-01019,2023-11-13,2023-11-20,Office Supplies,Storage,Corporate,South,Australia,Demo City 5,53.57,5,0.05,8.86,Same Day
DEMO-01020,2023-06-29,2023-07-04,Office Supplies,Paper,Corporate,East,Japan,Demo City 24,164.47,7,0.0,59.19,Same Day
DEMO-01021,2024-03-28,2024-03-29,Office Supplies,Storage,Home Office,South,Australia,Demo City 5,887.94,9,0.05,153.87,Standard Class
DEMO-01022,2023-12-01,2023-12-06,Technology,Machines,Home Office,West,United States,Demo City 1,90.92,8,0.0,14.93,Standard Class
DEMO-01023,2023-02-05,2023-02-12,Office Supplies,Paper,Home Office,West,United States,Demo City 9,46.89,6,0.2,-0.59,Second Class
DEMO-01024,2023-02-10,2023-02-11,Technology,Accessories,Corporate,West,United States,Demo City 4,191.85,2,0.0,39.49,Standard Class
DEMO-01025,2024-10-22,2024-10-24,Office Supplies,Binders,Home Office,East,Japan,Demo City 1,1464.42,10,0.2,1.5,First Class
DEMO-01026,2024-09-28,2024-10-05,Furniture,Tables,Home Office,South,Brazil,Demo City 30,26.45,1,0.3,0.95,Standard Class
DEMO-01027,2025-02-23,2025-03-01,Furniture,Bookcases,Consumer,East,Japan,Demo City 20,214.38,4,0.1,79.7,Second Class
DEMO-01028,2023-03-12,2023-03-17,Office Supplies,Binders,Corporate,South,Australia,Demo City 4,175.85,9,0.3,23.19,First Class
DEMO-01029,2025-03-15,2025-03-17,Furniture,Bookcases,Home Office,North,United Kingdom,Demo City 29,64.38,2,0.1,16.79,Same Day
DEMO-01030,2023-02-19,2023-02-21,Technology,Machines,Consumer,South,Australia,Demo City 4,26.36,1,0.2,0.64,Second Class
DEMO-01031,2025-07-01,2025-07-02,Office Supplies,Binders,Home Office,East,India,Demo City 13,706.21,5,0.0,122.96,First Class
DEMO-01032,2023-07-05,2023-07-08,Furniture,Bookcases,Consumer,South,Brazil,Demo City 16,930.7,11,0.3,-71.56,First Class
DEMO-01033,2023-02-02,2023-02-06,Furniture,Bookcases,Consumer,West,United States,Demo City 24,861.15,10,0.05,153.11,Same Day
DEMO-01034,2025-04-24,2025-04-28,Furniture,Chairs,Consumer,West,Germany,Demo City 3,417.69,3,0.2,64.0,First Class
DEMO-01035,2024-02-09,2024-02-10,Office Supplies,Paper,Corporate,North,United Kingdom,Demo City 13,550.91,7,0.0,29.78,First Class
DEMO-01036,2023-08-19,2023-08-23,Furniture,Chairs,Corporate,North,Canada,Demo City 23,729.64,7,0.2,-76.21,Standard Class
DEMO-01037,2025-03-21,2025-03-23,Technology,Accessories,Corporate,North,Canada,Demo City 20,38.99,1,0.3,-4.03,Same Day
DEMO-01038,2025-02-07,2025-02-14,Technology,Accessories,Corporate,East,Japan,Demo City 13,139.48,2,0.3,-5.41,Second Class
DEMO-01039,2023-12-07,2023-12-08,Furniture,Chairs,Corporate,East,Japan,Demo City 13,485.31,11,0.0,21.31,First Class
DEMO-01040,2023-07-30,2023-08-05,Technology,Accessories,Corporate,North,United Kingdom,Demo City 12,342.26,5,0.2,-33.72,Second Class
DEMO-01041,2024-01-07,2024-01-10,Furniture,Chairs,Home Office,South,Brazil,Demo City 10,452.63,7,0.0,111.11,First Class
DEMO-01042,2023-03-20,2023-03-25,Furniture,Tables,Consumer,South,Australia,Demo City 1,528.64,7,0.2,134.71,First Class
DEMO-01043,2024-11-05,2024-11-07,Furniture,Bookcases,Corporate,East,Japan,Demo City 16,169.46,9,0.5,-23.53,Same Day
DEMO-01044,2025-01-18,2025-01-23,Office Supplies,Storage,Home Office,West,Germany,Demo City 5,174.38,10,0.0,32.97,First Class
DEMO-01045,2025-10-11,2025-10-17,Furniture,Chairs,Corporate,East,Japan,Demo City 2,60.6,4,0.0,13.88,Standard Class
DEMO-01046,2023-12-04,2023-12-08,Technology,Accessories,Home Office,South,Brazil,Demo City 17,210.21,10,0.2,55.32,Standard Class
DEMO-01047,2024-05-04,2024-05-09,Furniture,Bookcases,Home Office,West,Germany,Demo City 20,465.92,7,0.0,78.42,Same Day
DEMO-01048,2025-01-13,2025-01-16,Technology,Phones,Consumer,South,Brazil,Demo City 14,578.32,9,0.3,5.09,Second Class
DEMO-01049,2024-10-11,2024-10-12,Office Supplies,Storage,Consumer,West,Germany,Demo City 9,54.84,1,0.1,-1.17,Same Day
DEMO-01050,2025-02-08,2025-02-12,Furniture,Chairs,Home Office,North,United Kingdom,Demo City 15,38.16,1,0.5,-4.82,First Class
DEMO-01051,2023-02-22,2023-02-26,Furniture,Bookcases,Corporate,East,India,Demo City 23,435.89,10,0.2,28.59,Second Class
DEMO-01052,2024-02-29,2024-03-02,Technology,Accessories,Home Office,South,Brazil,Demo City 14,613.83,9,0.1,104.43,Second Class
DEMO-01053,2025-05-12,2025-05-16,Technology,Accessories,Home Office,South,Australia,Demo City 21,747.02,9,0.0,170.93,Same Day
DEMO-01054,2024-08-14,2024-08-21,Furniture,Bookcases,Corporate,West,Germany,Demo City 1,19.27,1,0.2,2.73,Same Day
DEMO-01055,2024-02-02,2024-02-03,Office Supplies,Storage,Consumer,East,Japan,Demo City 26,455.35,6,0.0,34.21,Same Day
DEMO-01056,2024-10-20,2024-10-22,Office Supplies,Paper,Home Office,North,United Kingdom,Demo City 16,513.4,7,0.2,45.05,Same Day
DEMO-01057,2023-01-11,2023-01-15,Technology,Accessories,Home Office,South,Brazil,Demo City 7,90.5,6,0.1,11.74,Standard Class
DEMO-01058,2024-06-21,2024-06-24,Office Supplies,Binders,Consumer,East,India,Demo City 2,502.68,2,0.2,57.02,Same Day
DEMO-01059,2024-04-10,2024-04-11,Technology,Machines,Consumer,West,United States,Demo City 30,296.57,8,0.2,7.04,Same Day
DEMO-01060,2023-06-07,2023-06-09,Technology,Phones,Consumer,East,Japan,Demo City 18,544.63,3,0.0,181.39,Standard Class
DEMO-01061,2025-09-19,2025-09-23,Technology,Machines,Home Office,South,Australia,Demo City 23,485.39,11,0.05,0.23,First Class
DEMO-01062,2025-05-28,2025-05-30,Furniture,Tables,Home Office,East,India,Demo City 27,107.82,8,0.2,8.47,First Class
DEMO-01063,2023-07-09,2023-07-11,Furniture,Tables,Corporate,South,Australia,Demo City 14,70.78,10,0.05,25.71,Second Class
DEMO-01064,2025-02-28,2025-03-07,Office Supplies,Storage,Home Office,West,Germany,Demo City 16,332.77,6,0.2,16.13,Second Class
DEMO-01065,2023-01-10,2023-01-12,Furniture,Tables,Corporate,West,United States,Demo City 4,303.0,6,0.0,104.86,Second Class
DEMO-01066,2023-09-17,2023-09-21,Technology,Accessories,Corporate,East,India,Demo City 29,8.57,1,0.3,-0.23,First Class
DEMO-01067,2023-12-15,2023-12-21,Technology,Machines,Corporate,East,Japan,Demo City 25,66.35,1,0.3,9.58,First Class
DEMO-01068,2024-01-29,2024-02-05,Furniture,Tables,Corporate,South,Brazil,Demo City 20,128.01,5,0.1,22.38,Second Class
DEMO-01069,2023-07-23,2023-07-29,Office Supplies,Storage,Corporate,North,Canada,Demo City 26,697.88,9,0.05,117.98,Standard Class
DEMO-01070,2025-08-12,2025-08-18,Furniture,Chairs,Home Office,North,United Kingdom,Demo City 6,570.39,7,0.1,12.67,First Class
DEMO-01071,2024-11-10,2024-11-17,Technology,Phones,Corporate,North,United Kingdom,Demo City 25,519.55,8,0.05,94.59,Same Day
DEMO-01072,2023-03-20,2023-03-24,Technology,Accessories,Consumer,East,India,Demo City 23,302.29,6,0.0,116.93,Second Class
DEMO-01073,2023-07-29,2023-08-01,Technology,Phones,Consumer,East,India,Demo City 30,93.38,1,0.05,22.17,Second Class
DEMO-01074,2024-10-22,2024-10-29,Furniture,Bookcases,Home Office,East,India,Demo City 13,170.12,3,0.1,34.03,Standard Class
DEMO-01075,2025-07-11,2025-07-14,Technology,Phones,Consumer,South,Brazil,Demo City 12,88.17,3,0.0,4.98,Second Class
DEMO-01076,2024-06-25,2024-06-30,Office Supplies,Paper,Corporate,West,United States,Demo City 8,691.97,11,0.0,80.26,Same Day
DEMO-01077,2024-05-31,2024-06-06,Technology,Phones,Home Office,North,Canada,Demo City 7,67.15,4,0.5,-9.61,First Class
DEMO-01078,2023-12-04,2023-12-11,Office Supplies,Binders,Consumer,West,Germany,Demo City 23,90.47,8,0.0,18.49,Standard Class
DEMO-01079,2024-09-16,2024-09-19,Furniture,Chairs,Consumer,West,Germany,Demo City 21,358.27,3,0.0,68.13,Standard Class
DEMO-01080,2023-09-11,2023-09-12,Technology,Accessories,Consumer,West,Germany,Demo City 7,1558.32,6,0.0,366.19,First Class
DEMO-01081,2024-09-10,2024-09-11,Furniture,Tables,Consumer,North,United Kingdom,Demo City 6,359.41,4,0.1,42.85,Second Class
DEMO-01082,2025-01-30,2025-01-31,Furniture,Tables,Consumer,East,India,Demo City 18,25.99,2,0.2,1.18,Standard Class
DEMO-01083,2023-11-18,2023-11-24,Technology,Machines,Corporate,East,Japan,Demo City 14,8.99,1,0.3,-2.28,Same Day
DEMO-01084,2023-01-23,2023-01-27,Office Supplies,Binders,Corporate,West,Germany,Demo City 23,124.54,4,0.0,45.6,Second Class
DEMO-01085,2025-05-09,2025-05-14,Office Supplies,Binders,Consumer,West,United States,Demo City 22,337.54,4,0.1,50.54,First Class
DEMO-01086,2025-05-03,2025-05-09,Office Supplies,Paper,Home Office,North,United Kingdom,Demo City 24,469.41,8,0.1,102.19,First Class
DEMO-01087,2025-08-19,2025-08-21,Furniture,Chairs,Consumer,East,India,Demo City 15,1447.09,5,0.2,89.07,Standard Class
DEMO-01088,2023-06-16,2023-06-21,Technology,Machines,Corporate,South,Brazil,Demo City 23,56.41,3,0.1,4.1,Second Class
DEMO-01089,2023-10-22,2023-10-29,Technology,Accessories,Home Office,West,Germany,Demo City 15,597.12,11,0.1,-17.92,Same Day
DEMO-01090,2023-01-17,2023-01-19,Technology,Phones,Corporate,East,India,Demo City 13,133.44,2,0.1,-16.16,Standard Class
DEMO-01091,2023-04-01,2023-04-06,Furniture,Tables,Consumer,West,United States,Demo City 26,563.82,3,0.2,-93.99,Same Day
DEMO-01092,2024-02-17,2024-02-22,Office Supplies,Binders,Corporate,West,United States,Demo City 18,246.76,10,0.05,57.27,First Class
DEMO-01093,2025-11-30,2025-12-02,Technology,Accessories,Home Office,North,Canada,Demo City 7,195.32,5,0.0,35.68,First Class
DEMO-01094,2024-02-24,2024-03-02,Office Supplies,Binders,Corporate,North,Canada,Demo City 1,387.78,9,0.3,48.25,Same Day
DEMO-01095,2025-03-13,2025-03-20,Furniture,Chairs,Corporate,West,United States,Demo City 3,118.17,4,0.3,-8.87,Second Class
DEMO-01096,2024-07-25,2024-08-01,Office Supplies,Binders,Consumer,East,Japan,Demo City 22,414.08,9,0.3,45.4,Same Day
DEMO-01097,2024-01-16,2024-01-17,Technology,Accessories,Corporate,North,United Kingdom,Demo City 9,115.89,7,0.0,18.28,First Class
DEMO-01098,2025-09-08,2025-09-13,Office Supplies,Paper,Home Office,North,United Kingdom,Demo City 1,439.08,8,0.0,90.45,First Class
DEMO-01099,2023-07-30,2023-08-01,Office Supplies,Paper,Consumer,West,United States,Demo City 22,66.66,7,0.2,7.33,First Class
DEMO-01100,2023-12-18,2023-12-20,Furniture,Tables,Consumer,East,Japan,Demo City 24,474.19,3,0.3,-5.4,Second Class
DEMO-01101,2025-07-08,2025-07-11,Office Supplies,Binders,Corporate,West,United States,Demo City 15,567.61,7,0.0,77.1,First Class
DEMO-01102,2025-06-07,2025-06-10,Office Supplies,Storage,Home Office,East,India,Demo City 2,369.4,10,0.0,89.45,First Class
DEMO-01103,2023-05-12,2023-05-13,Furniture,Chairs,Corporate,North,Canada,Demo City 24,708.68,6,0.2,25.35,Standard Class
DEMO-01104,2023-03-30,2023-04-04,Office Supplies,Storage,Home Office,North,Canada,Demo City 7,361.24,7,0.2,48.23,Standard Class
DEMO-01105,2025-08-12,2025-08-14,Technology,Phones,Consumer,South,Australia,Demo City 13,66.02,2,0.0,16.58,Same Day
DEMO-01106,2023-03-29,2023-04-04,Technology,Machines,Corporate,West,Germany,Demo City 22,488.62,4,0.3,-26.74,Standard Class
DEMO-01107,2025-11-28,2025-11-30,Office Supplies,Storage,Corporate,South,Brazil,Demo City 29,162.98,6,0.2,-1.17,Standard Class
DEMO-01108,2023-03-22,2023-03-25,Technology,Machines,Corporate,West,Germany,Demo City 19,1109.62,9,0.1,139.71,Second Class
DEMO-01109,2025-07-02,2025-07-04,Technology,Phones,Consumer,East,Japan,Demo City 16,139.47,11,0.05,58.89,Same Day
DEMO-01110,2023-11-26,2023-12-03,Furniture,Tables,Consumer,West,United States,Demo City 5,653.47,11,0.0,24.63,Standard Class
DEMO-01111,2025-09-17,2025-09-23,Technology,Accessories,Corporate,North,Canada,Demo City 14,194.99,9,0.2,28.24,Standard Class
DEMO-01112,2025-03-02,2025-03-05,Technology,Phones,Home Office,South,Brazil,Demo City 24,89.94,6,0.05,4.84,First Class
DEMO-01113,2024-06-11,2024-06-15,Furniture,Tables,Corporate,North,United Kingdom,Demo City 5,316.6,7,0.0,131.85,Standard Class
DEMO-01114,2025-07-26,2025-07-29,Office Supplies,Storage,Home Office,East,India,Demo City 26,100.83,4,0.3,15.65,Standard Class
DEMO-01115,2023-11-17,2023-11-22,Technology,Machines,Corporate,South,Australia,Demo City 26,50.68,1,0.0,6.05,First Class
DEMO-01116,2025-09-18,2025-09-25,Technology,Phones,Consumer,East,Japan,Demo City 4,104.44,10,0.1,19.75,Second Class
DEMO-01117,2025-06-19,2025-06-26,Technology,Phones,Home Office,West,Germany,Demo City 9,9.06,2,0.0,1.28,Second Class
DEMO-01118,2024-06-25,2024-06-26,Technology,Accessories,Consumer,West,Germany,Demo City 24,1319.55,8,0.3,140.59,First Class
DEMO-01119,2025-07-18,2025-07-23,Office Supplies,Paper,Home Office,North,United Kingdom,Demo City 2,235.75,7,0.2,33.49,Second Class
DEMO-01120,2025-08-13,2025-08-19,Technology,Accessories,Consumer,West,United States,Demo City 8,362.28,10,0.2,33.37,Same Day
DEMO-01121,2023-02-02,2023-02-08,Furniture,Bookcases,Consumer,West,United States,Demo City 19,185.63,6,0.2,7.31,Standard Class
DEMO-01122,2023-04-12,2023-04-15,Furniture,Tables,Home Office,South,Australia,Demo City 10,457.71,11,0.05,109.34,First Class
DEMO-01123,2025-02-10,2025-02-15,Office Supplies,Paper,Consumer,South,Brazil,Demo City 1,41.01,1,0.0,1.66,Standard Class
DEMO-01124,2024-02-28,2024-03-04,Furniture,Chairs,Home Office,South,Brazil,Demo City 16,354.28,5,0.5,-136.04,Same Day
DEMO-01125,2024-04-26,2024-05-02,Technology,Machines,Home Office,West,United States,Demo City 17,63.33,11,0.2,6.14,Same Day
DEMO-01126,2023-12-28,2024-01-02,Furniture,Bookcases,Home Office,South,Brazil,Demo City 5,122.33,9,0.0,5.17,Second Class
DEMO-01127,2024-09-12,2024-09-13,Furniture,Tables,Home Office,North,Canada,Demo City 13,68.45,4,0.2,20.24,First Class
DEMO-01128,2025-09-08,2025-09-10,Office Supplies,Storage,Consumer,North,United Kingdom,Demo City 1,628.38,4,0.1,-69.27,Standard Class
DEMO-01129,2023-02-07,2023-02-11,Furniture,Tables,Consumer,South,Australia,Demo City 29,229.89,10,0.1,12.65,Standard Class
DEMO-01130,2023-10-23,2023-10-30,Technology,Accessories,Consumer,North,United Kingdom,Demo City 30,276.87,7,0.1,13.61,First Class
DEMO-01131,2024-08-02,2024-08-06,Technology,Phones,Home Office,South,Brazil,Demo City 28,595.26,8,0.2,120.43,Second Class
DEMO-01132,2024-03-18,2024-03-24,Office Supplies,Paper,Consumer,West,United States,Demo City 5,67.4,5,0.1,12.32,First Class
DEMO-01133,2025-12-13,2025-12-16,Office Supplies,Paper,Home Office,East,Japan,Demo City 15,879.75,10,0.2,-119.35,Same Day
DEMO-01134,2023-02-16,2023-02-22,Office Supplies,Paper,Corporate,South,Brazil,Demo City 4,264.15,7,0.05,4.26,First Class
DEMO-01135,2025-10-28,2025-10-30,Technology,Accessories,Corporate,North,Canada,Demo City 1,362.12,8,0.1,20.67,Same Day
DEMO-01136,2023-10-24,2023-10-28,Office Supplies,Paper,Corporate,North,Canada,Demo City 7,1429.15,8,0.0,438.05,Standard Class
DEMO-01137,2023-02-23,2023-03-02,Technology,Machines,Corporate,South,Brazil,Demo City 5,470.62,4,0.1,143.99,Standard Class
DEMO-01138,2025-12-21,2025-12-26,Technology,Accessories,Corporate,North,Canada,Demo City 7,683.14,5,0.05,178.99,Second Class
DEMO-01139,2024-02-15,2024-02-20,Office Supplies,Binders,Consumer,East,India,Demo City 8,219.02,2,0.0,34.69,Standard Class
DEMO-01140,2024-01-04,2024-01-05,Furniture,Tables,Corporate,West,Germany,Demo City 19,1170.5,11,0.1,87.5,Standard Class
DEMO-01141,2025-05-01,2025-05-06,Furniture,Tables,Home Office,South,Australia,Demo City 15,184.62,11,0.2,-15.54,First Class
DEMO-01142,2023-08-28,2023-08-30,Furniture,Tables,Corporate,South,Brazil,Demo City 9,213.79,4,0.1,-30.68,Standard Class
DEMO-01143,2023-12-03,2023-12-06,Technology,Phones,Consumer,South,Australia,Demo City 24,107.01,6,0.0,28.72,Same Day
DEMO-01144,2025-04-28,2025-05-01,Office Supplies,Storage,Consumer,East,Japan,Demo City 13,58.06,5,0.0,20.46,Standard Class
DEMO-01145,2025-03-02,2025-03-04,Technology,Phones,Home Office,North,United Kingdom,Demo City 27,4144.7,9,0.5,-360.29,Second Class
DEMO-01146,2023-01-16,2023-01-22,Technology,Machines,Home Office,South,Brazil,Demo City 8,632.81,8,0.0,226.47,Second Class
DEMO-01147,2023-09-25,2023-09-28,Office Supplies,Binders,Corporate,North,United Kingdom,Demo City 7,477.43,9,0.1,177.03,First Class
DEMO-01148,2025-11-20,2025-11-23,Technology,Phones,Corporate,West,Germany,Demo City 15,895.01,11,0.05,137.37,Second Class
DEMO-01149,2024-09-30,2024-10-05,Office Supplies,Storage,Home Office,South,Brazil,Demo City 10,1016.74,7,0.3,-136.19,Same Day
DEMO-01150,2024-03-18,2024-03-25,Technology,Accessories,Consumer,North,Canada,Demo City 22,232.07,6,0.3,20.3,First Class
DEMO-01151,2024-06-20,2024-06-27,Technology,Phones,Home Office,West,United States,Demo City 8,134.86,2,0.2,14.06,Standard Class
DEMO-01152,2025-01-04,2025-01-10,Office Supplies,Paper,Consumer,West,Germany,Demo City 13,1476.66,11,0.2,149.76,Second Class
DEMO-01153,2023-08-01,2023-08-05,Office Supplies,Paper,Consumer,West,Germany,Demo City 19,230.56,11,0.5,-10.66,Same Day
DEMO-01154,2025-05-28,2025-06-02,Technology,Phones,Consumer,East,Japan,Demo City 7,145.45,5,0.0,17.58,Standard Class
DEMO-01155,2023-11-17,2023-11-23,Furniture,Bookcases,Corporate,South,Australia,Demo City 4,121.44,2,0.3,-10.23,Standard Class
DEMO-01156,2024-09-04,2024-09-07,Office Supplies,Storage,Corporate,East,India,Demo City 23,9.92,1,0.1,0.49,Standard Class
DEMO-01157,2024-04-05,2024-04-12,Office Supplies,Storage,Corporate,East,India,Demo City 29,200.64,3,0.1,4.77,Same Day
DEMO-01158,2025-11-30,2025-12-04,Technology,Machines,Corporate,North,Canada,Demo City 14,369.07,9,0.05,78.56,First Class
DEMO-01159,2023-01-27,2023-02-01,Office Supplies,Binders,Corporate,North,United Kingdom,Demo City 5,8.0,1,0.2,0.33,Same Day
DEMO-01160,2025-07-15,2025-07-16,Furniture,Tables,Home Office,South,Australia,Demo City 11,449.21,7,0.1,21.63,Standard Class
DEMO-01161,2025-03-15,2025-03-16,Office Supplies,Paper,Home Office,East,India,Demo City 13,545.13,7,0.05,13.6,First Class
DEMO-01162,2023-03-12,2023-03-17,Office Supplies,Binders,Corporate,South,Australia,Demo City 24,822.76,8,0.2,-135.8,Standard Class
DEMO-01163,2023-02-08,2023-02-10,Office Supplies,Binders,Home Office,South,Brazil,Demo City 13,279.71,5,0.2,17.2,Same Day
DEMO-01164,2023-06-06,2023-06-13,Office Supplies,Binders,Corporate,West,United States,Demo City 26,1699.84,9,0.3,-152.86,Standard Class
DEMO-01165,2024-01-28,2024-01-31,Furniture,Bookcases,Corporate,West,United States,Demo City 15,135.03,2,0.05,5.7,Same Day
DEMO-01166,2025-12-06,2025-12-07,Technology,Accessories,Corporate,South,Australia,Demo City 13,176.62,6,0.3,47.32,Same Day
DEMO-01167,2025-08-14,2025-08-21,Technology,Phones,Home Office,East,India,Demo City 29,92.45,3,0.2,16.26,First Class
DEMO-01168,2023-11-28,2023-12-03,Technology,Machines,Corporate,East,Japan,Demo City 22,763.64,8,0.1,37.96,Standard Class
DEMO-01169,2024-10-31,2024-11-07,Furniture,Tables,Home Office,East,Japan,Demo City 24,1461.32,8,0.05,595.22,First Class
DEMO-01170,2024-06-08,2024-06-09,Office Supplies,Binders,Corporate,South,Brazil,Demo City 13,1889.14,9,0.1,111.45,Standard Class
DEMO-01171,2024-02-05,2024-02-11,Technology,Phones,Corporate,East,Japan,Demo City 22,232.53,9,0.0,65.95,Standard Class
DEMO-01172,2024-08-10,2024-08-16,Office Supplies,Paper,Corporate,East,Japan,Demo City 17,147.67,5,0.2,0.13,Standard Class
DEMO-01173,2024-03-11,2024-03-13,Technology,Phones,Corporate,East,India,Demo City 21,248.86,11,0.2,-21.9,First Class
DEMO-01174,2024-05-23,2024-05-28,Technology,Phones,Corporate,North,Canada,Demo City 2,182.26,4,0.3,15.11,Standard Class
DEMO-01175,2024-01-13,2024-01-14,Furniture,Chairs,Consumer,North,Canada,Demo City 6,175.42,2,0.1,19.68,Standard Class
DEMO-01176,2024-10-11,2024-10-13,Furniture,Tables,Home Office,West,United States,Demo City 30,84.08,3,0.0,21.49,Standard Class
DEMO-01177,2025-08-31,2025-09-06,Technology,Accessories,Consumer,North,United Kingdom,Demo City 30,24.56,1,0.05,5.31,First Class
DEMO-01178,2025-12-04,2025-12-06,Office Supplies,Storage,Corporate,West,Germany,Demo City 3,172.42,4,0.5,-48.47,First Class
DEMO-01179,2024-04-07,2024-04-12,Technology,Machines,Consumer,West,Germany,Demo City 5,1157.95,10,0.05,145.73,Standard Class
DEMO-01180,2025-03-07,2025-03-12,Office Supplies,Binders,Corporate,North,United Kingdom,Demo City 7,20.0,2,0.5,0.49,Standard Class
DEMO-01181,2023-04-06,2023-04-07,Office Supplies,Paper,Corporate,East,Japan,Demo City 8,375.95,7,0.1,-32.68,Second Class
DEMO-01182,2024-03-20,2024-03-23,Technology,Phones,Consumer,South,Brazil,Demo City 28,664.74,9,0.0,110.57,Standard Class
DEMO-01183,2025-10-15,2025-10-20,Office Supplies,Paper,Corporate,West,Germany,Demo City 2,278.38,7,0.0,36.33,Standard Class
DEMO-01184,2023-11-26,2023-11-30,Furniture,Chairs,Home Office,West,United States,Demo City 26,159.19,3,0.1,8.16,Second Class
DEMO-01185,2025-08-13,2025-08-20,Furniture,Chairs,Corporate,West,United States,Demo City 15,87.81,3,0.2,27.26,First Class
DEMO-01186,2024-07-15,2024-07-17,Technology,Machines,Home Office,East,India,Demo City 8,90.54,4,0.2,6.21,Standard Class
DEMO-01187,2023-11-08,2023-11-13,Technology,Phones,Corporate,East,India,Demo City 15,117.42,2,0.0,5.39,First Class
DEMO-01188,2025-12-25,2025-12-29,Furniture,Tables,Consumer,East,India,Demo City 21,91.18,2,0.0,13.37,Same Day
DEMO-01189,2023-10-15,2023-10-21,Technology,Machines,Consumer,North,Canada,Demo City 3,218.84,7,0.0,30.99,First Class
DEMO-01190,2023-09-01,2023-09-02,Furniture,Bookcases,Consumer,North,Canada,Demo City 16,206.42,8,0.0,-14.09,Same Day
DEMO-01191,2025-12-29,2025-12-30,Office Supplies,Storage,Home Office,West,United States,Demo City 14,385.77,10,0.05,44.84,Standard Class
DEMO-01192,2025-01-19,2025-01-25,Technology,Accessories,Corporate,West,United States,Demo City 6,448.85,8,0.1,98.44,First Class
DEMO-01193,2024-04-28,2024-05-02,Office Supplies,Paper,Corporate,North,Canada,Demo City 18,201.03,8,0.05,38.95,Same Day
DEMO-01194,2023-11-12,2023-11-13,Technology,Phones,Corporate,South,Australia,Demo City 5,557.31,11,0.2,199.64,Standard Class
DEMO-01195,2024-03-04,2024-03-11,Office Supplies,Storage,Home Office,North,Canada,Demo City 23,201.39,7,0.2,25.88,Same Day
DEMO-01196,2025-12-11,2025-12-17,Technology,Machines,Home Office,East,Japan,Demo City 21,56.28,3,0.05,11.09,Standard Class
DEMO-01197,2025-06-26,2025-07-02,Office Supplies,Paper,Consumer,South,Brazil,Demo City 27,663.09,8,0.0,156.15,Same Day
DEMO-01198,2023-09-17,2023-09-19,Office Supplies,Paper,Corporate,North,United Kingdom,Demo City 2,237.69,10,0.1,27.09,Same Day
DEMO-01199,2023-03-27,2023-03-30,Office Supplies,Binders,Consumer,West,United States,Demo City 22,33.23,2,0.2,-2.24,Same Day
DEMO-01200,2024-08-01,2024-08-02,Furniture,Bookcases,Home Office,South,Australia,Demo City 9,166.54,4,0.2,-20.31,Same Day
DEMO-01201,2024-07-04,2024-07-11,Office Supplies,Binders,Corporate,West,United States,Demo City 3,308.55,11,0.3,-35.19,Second Class
DEMO-01202,2024-08-16,2024-08-21,Furniture,Chairs,Consumer,North,Canada,Demo City 29,561.31,7,0.2,-0.4,Same Day
DEMO-01203,2024-06-27,2024-06-28,Office Supplies,Paper,Consumer,South,Australia,Demo City 2,397.85,2,0.0,3.16,Second Class
DEMO-01204,2025-07-18,2025-07-22,Technology,Phones,Corporate,North,Canada,Demo City 3,168.74,9,0.0,33.79,Standard Class
DEMO-01205,2024-07-01,2024-07-04,Technology,Phones,Consumer,North,Canada,Demo City 13,87.79,1,0.0,13.01,Same Day
DEMO-01206,2023-03-18,2023-03-25,Furniture,Tables,Home Office,West,Germany,Demo City 21,180.6,9,0.2,17.05,Standard Class
DEMO-01207,2023-03-08,2023-03-14,Furniture,Bookcases,Home Office,South,Brazil,Demo City 1,245.1,3,0.0,36.8,Second Class
DEMO-01208,2024-01-22,2024-01-27,Technology,Machines,Home Office,South,Brazil,Demo City 22,1497.41,7,0.3,-24.31,Second Class
DEMO-01209,2024-12-05,2024-12-06,Technology,Accessories,Consumer,South,Australia,Demo City 11,202.93,11,0.0,76.04,First Class
DEMO-01210,2025-03-27,2025-04-02,Technology,Phones,Home Office,East,India,Demo City 8,193.07,6,0.05,15.15,First Class
DEMO-01211,2024-02-25,2024-02-28,Office Supplies,Storage,Consumer,West,United States,Demo City 27,295.21,10,0.0,60.17,First Class
DEMO-01212,2024-07-08,2024-07-15,Furniture,Tables,Consumer,South,Australia,Demo City 1,351.45,9,0.1,108.3,First Class
DEMO-01213,2024-03-09,2024-03-14,Office Supplies,Binders,Consumer,South,Australia,Demo City 27,226.72,5,0.1,8.85,Second Class
DEMO-01214,2024-03-25,2024-03-26,Furniture,Chairs,Corporate,East,India,Demo City 25,603.27,8,0.1,152.13,First Class
DEMO-01215,2023-05-09,2023-05-13,Technology,Phones,Corporate,West,United States,Demo City 14,63.69,2,0.1,-12.71,Standard Class
DEMO-01216,2023-11-14,2023-11-15,Furniture,Bookcases,Consumer,South,Brazil,Demo City 17,22.99,3,0.3,-3.68,Standard Class
DEMO-01217,2023-12-23,2023-12-24,Technology,Accessories,Corporate,East,Japan,Demo City 6,102.12,1,0.05,23.31,First Class
DEMO-01218,2023-02-11,2023-02-15,Technology,Phones,Home Office,East,India,Demo City 24,257.79,3,0.3,-50.42,Second Class
DEMO-01219,2023-08-07,2023-08-08,Furniture,Bookcases,Consumer,South,Australia,Demo City 18,180.61,7,0.0,17.2,Second Class
DEMO-01220,2023-07-18,2023-07-21,Technology,Accessories,Consumer,West,Germany,Demo City 26,303.41,10,0.3,-66.72,Same Day
DEMO-01221,2025-01-27,2025-02-01,Furniture,Bookcases,Home Office,South,Australia,Demo City 1,612.73,6,0.1,124.23,Same Day
DEMO-01222,2024-05-24,2024-05-29,Furniture,Bookcases,Consumer,North,United Kingdom,Demo City 28,175.97,2,0.1,53.39,Standard Class
DEMO-01223,2024-02-28,2024-03-02,Office Supplies,Paper,Consumer,East,Japan,Demo City 23,85.0,3,0.1,11.93,Second Class
DEMO-01224,2025-10-28,2025-11-02,Furniture,Chairs,Corporate,East,Japan,Demo City 11,503.77,4,0.0,203.73,First Class
DEMO-01225,2025-02-14,2025-02-15,Technology,Machines,Corporate,East,India,Demo City 18,46.61,2,0.1,2.48,Standard Class
DEMO-01226,2024-01-30,2024-02-04,Technology,Phones,Consumer,West,United States,Demo City 22,55.99,2,0.3,2.55,Standard Class
DEMO-01227,2025-10-28,2025-10-30,Furniture,Bookcases,Consumer,South,Brazil,Demo City 29,721.73,10,0.3,129.21,First Class
DEMO-01228,2025-04-22,2025-04-23,Furniture,Chairs,Home Office,South,Brazil,Demo City 5,18.69,3,0.3,-1.32,First Class
DEMO-01229,2024-08-14,2024-08-19,Office Supplies,Storage,Home Office,East,India,Demo City 13,29.07,1,0.3,-2.34,First Class
DEMO-01230,2024-11-11,2024-11-16,Technology,Phones,Home Office,West,United States,Demo City 1,32.06,3,0.0,5.76,First Class
DEMO-01231,2025-10-19,2025-10-26,Office Supplies,Paper,Consumer,West,Germany,Demo City 30,580.67,4,0.3,-20.38,Second Class
DEMO-01232,2024-06-22,2024-06-24,Furniture,Tables,Corporate,South,Brazil,Demo City 17,55.84,7,0.1,4.4,First Class
DEMO-01233,2023-08-22,2023-08-28,Office Supplies,Binders,Corporate,North,Canada,Demo City 23,127.14,2,0.5,-25.12,Standard Class
DEMO-01234,2023-05-25,2023-05-27,Office Supplies,Paper,Consumer,East,India,Demo City 22,264.51,6,0.0,64.83,Same Day
DEMO-01235,2024-03-14,2024-03-17,Furniture,Chairs,Consumer,East,Japan,Demo City 23,926.99,10,0.0,29.46,Same Day
DEMO-01236,2024-01-02,2024-01-08,Furniture,Bookcases,Corporate,North,Canada,Demo City 10,331.57,7,0.1,91.61,First Class
DEMO-01237,2023-09-22,2023-09-26,Furniture,Bookcases,Corporate,South,Brazil,Demo City 17,1160.85,9,0.0,32.98,Standard Class
DEMO-01238,2025-05-16,2025-05-18,Technology,Phones,Corporate,West,Germany,Demo City 27,12.78,1,0.0,6.63,First Class
DEMO-01239,2024-07-18,2024-07-23,Office Supplies,Binders,Home Office,North,United Kingdom,Demo City 2,597.9,11,0.05,-46.79,Standard Class
DEMO-01240,2025-12-17,2025-12-22,Office Supplies,Storage,Home Office,North,Canada,Demo City 19,659.33,4,0.0,175.9,Same Day
DEMO-01241,2024-11-16,2024-11-19,Furniture,Tables,Consumer,West,Germany,Demo City 12,280.27,4,0.05,76.05,Second Class
DEMO-01242,2023-02-07,2023-02-13,Office Supplies,Paper,Home Office,South,Brazil,Demo City 17,20.99,4,0.0,4.82,Standard Class
DEMO-01243,2023-11-03,2023-11-05,Furniture,Tables,Consumer,North,United Kingdom,Demo City 14,222.65,4,0.0,9.42,First Class
DEMO-01244,2025-12-21,2025-12-26,Technology,Accessories,Home Office,East,India,Demo City 15,26.09,1,0.0,10.6,Second Class
DEMO-01245,2024-10-06,2024-10-08,Furniture,Chairs,Consumer,East,Japan,Demo City 6,169.43,2,0.05,-12.11,Same Day
DEMO-01246,2025-08-22,2025-08-28,Technology,Machines,Consumer,North,United Kingdom,Demo City 20,157.2,10,0.2,7.66,Same Day
DEMO-01247,2025-11-19,2025-11-20,Furniture,Chairs,Corporate,West,United States,Demo City 11,327.11,10,0.2,51.48,First Class
DEMO-01248,2025-11-22,2025-11-29,Furniture,Chairs,Home Office,East,India,Demo City 15,200.34,4,0.1,36.51,Standard Class
DEMO-01249,2024-12-22,2024-12-23,Furniture,Bookcases,Corporate,North,Canada,Demo City 23,117.92,8,0.1,1.6,First Class
DEMO-01250,2023-11-06,2023-11-11,Furniture,Tables,Home Office,West,Germany,Demo City 3,325.93,10,0.1,23.91,Second Class
DEMO-01251,2024-04-19,2024-04-22,Technology,Accessories,Home Office,West,United States,Demo City 16,98.27,3,0.0,18.56,Standard Class
DEMO-01252,2024-02-18,2024-02-22,Office Supplies,Storage,Consumer,East,India,Demo City 20,598.65,7,0.0,202.33,Standard Class
DEMO-01253,2025-03-01,2025-03-03,Technology,Phones,Corporate,West,United States,Demo City 20,585.31,8,0.3,26.17,First Class
DEMO-01254,2025-04-03,2025-04-04,Office Supplies,Storage,Home Office,North,Canada,Demo City 29,18.2,2,0.2,1.09,Standard Class
DEMO-01255,2025-06-10,2025-06-15,Furniture,Chairs,Consumer,North,Canada,Demo City 24,179.25,11,0.2,-7.98,Second Class
DEMO-01256,2025-06-10,2025-06-13,Technology,Accessories,Home Office,West,United States,Demo City 14,78.38,10,0.05,3.12,Standard Class
DEMO-01257,2023-01-20,2023-01-21,Technology,Accessories,Consumer,South,Australia,Demo City 10,132.04,11,0.1,6.11,Standard Class
DEMO-01258,2025-01-01,2025-01-02,Technology,Phones,Corporate,North,Canada,Demo City 28,96.76,2,0.05,21.33,Same Day
DEMO-01259,2023-12-10,2023-12-16,Office Supplies,Binders,Home Office,North,Canada,Demo City 21,336.36,6,0.3,38.39,Second Class
DEMO-01260,2025-01-04,2025-01-08,Office Supplies,Paper,Home Office,North,United Kingdom,Demo City 23,15.87,1,0.3,-0.7,Standard Class
DEMO-01261,2023-11-16,2023-11-17,Technology,Phones,Corporate,North,Canada,Demo City 14,55.93,5,0.2,4.56,Second Class
DEMO-01262,2023-05-30,2023-06-01,Technology,Phones,Corporate,South,Brazil,Demo City 11,570.08,6,0.2,80.38,Second Class
DEMO-01263,2025-08-24,2025-08-31,Furniture,Chairs,Consumer,East,India,Demo City 13,72.64,2,0.5,-6.48,First Class
DEMO-01264,2024-03-21,2024-03-22,Office Supplies,Binders,Home Office,South,Australia,Demo City 15,735.02,10,0.0,60.95,Second Class
DEMO-01265,2024-02-15,2024-02-16,Furniture,Bookcases,Consumer,East,Japan,Demo City 21,1224.32,10,0.2,-5.09,First Class
DEMO-01266,2024-11-07,2024-11-10,Office Supplies,Paper,Corporate,South,Brazil,Demo City 24,233.52,3,0.0,111.01,Standard Class
DEMO-01267,2025-05-04,2025-05-09,Furniture,Bookcases,Home Office,West,United States,Demo City 7,84.15,2,0.2,1.78,Second Class
DEMO-01268,2025-12-20,2025-12-22,Furniture,Chairs,Corporate,South,Australia,Demo City 23,314.24,8,0.1,-44.55,Standard Class
DEMO-01269,2023-02-11,2023-02-16,Furniture,Tables,Consumer,South,Australia,Demo City 8,15.26,1,0.1,3.99,Standard Class
DEMO-01270,2025-03-27,2025-04-02,Technology,Accessories,Home Office,East,India,Demo City 26,754.71,9,0.2,162.09,First Class
DEMO-01271,2024-04-08,2024-04-11,Furniture,Bookcases,Consumer,North,Canada,Demo City 27,42.95,1,0.05,6.77,Same Day
DEMO-01272,2025-12-27,2025-12-30,Office Supplies,Binders,Consumer,North,United Kingdom,Demo City 8,129.65,10,0.0,18.9,Standard Class
DEMO-01273,2025-06-04,2025-06-05,Office Supplies,Binders,Home Office,South,Brazil,Demo City 2,378.39,4,0.2,10.14,Same Day
DEMO-01274,2023-04-19,2023-04-26,Technology,Phones,Corporate,West,Germany,Demo City 14,185.03,11,0.05,22.9,Second Class
DEMO-01275,2025-07-05,2025-07-08,Office Supplies,Storage,Corporate,West,Germany,Demo City 4,353.54,10,0.5,-118.78,Second Class
DEMO-01276,2025-07-12,2025-07-17,Technology,Phones,Corporate,South,Australia,Demo City 14,215.99,9,0.0,-3.1,Standard Class
DEMO-01277,2024-11-30,2024-12-05,Technology,Phones,Home Office,North,Canada,Demo City 24,626.15,9,0.1,232.9,Second Class
DEMO-01278,2023-11-09,2023-11-13,Office Supplies,Binders,Consumer,West,Germany,Demo City 6,124.62,3,0.0,19.58,Second Class
DEMO-01279,2024-05-25,2024-05-31,Technology,Machines,Corporate,West,Germany,Demo City 9,227.72,10,0.05,44.31,First Class
DEMO-01280,2024-01-25,2024-02-01,Office Supplies,Binders,Corporate,West,Germany,Demo City 5,63.39,3,0.1,12.53,First Class
DEMO-01281,2024-11-14,2024-11-19,Furniture,Tables,Home Office,North,Canada,Demo City 8,491.85,8,0.0,-14.82,First Class
DEMO-01282,2025-09-12,2025-09-18,Technology,Machines,Corporate,West,United States,Demo City 27,48.48,4,0.1,4.3,Standard Class
DEMO-01283,2024-05-24,2024-05-27,Office Supplies,Paper,Home Office,East,India,Demo City 23,30.54,3,0.0,2.11,Second Class
DEMO-01284,2024-08-04,2024-08-09,Technology,Machines,Home Office,West,Germany,Demo City 2,782.57,7,0.0,107.32,Second Class
DEMO-01285,2023-02-17,2023-02-20,Technology,Machines,Home Office,East,India,Demo City 15,523.9,9,0.5,-195.75,First Class
DEMO-01286,2023-10-12,2023-10-16,Technology,Machines,Home Office,East,Japan,Demo City 7,159.53,4,0.3,-16.25,Second Class
DEMO-01287,2025-07-22,2025-07-24,Furniture,Bookcases,Home Office,East,Japan,Demo City 16,115.23,6,0.2,0.69,Standard Class
DEMO-01288,2024-12-01,2024-12-03,Office Supplies,Storage,Consumer,North,United Kingdom,Demo City 17,1163.32,9,0.1,326.5,Standard Class
DEMO-01289,2025-11-01,2025-11-05,Technology,Accessories,Consumer,North,Canada,Demo City 14,154.21,8,0.2,6.5,First Class
DEMO-01290,2023-04-29,2023-05-04,Furniture,Bookcases,Corporate,East,Japan,Demo City 22,49.67,1,0.3,-4.3,Standard Class
DEMO-01291,2025-01-08,2025-01-13,Office Supplies,Binders,Corporate,North,United Kingdom,Demo City 6,691.86,8,0.3,53.33,Standard Class
DEMO-01292,2024-12-01,2024-12-05,Furniture,Bookcases,Corporate,South,Australia,Demo City 1,210.14,10,0.3,-21.26,Standard Class
DEMO-01293,2025-04-06,2025-04-10,Technology,Machines,Consumer,North,Canada,Demo City 5,273.19,9,0.2,6.67,Standard Class
DEMO-01294,2025-11-01,2025-11-02,Office Supplies,Binders,Home Office,East,India,Demo City 30,454.52,4,0.5,-180.69,Standard Class
DEMO-01295,2024-05-23,2024-05-24,Furniture,Tables,Home Office,North,Canada,Demo City 13,562.68,5,0.05,105.42,Second Class
DEMO-01296,2025-04-09,2025-04-12,Office Supplies,Binders,Home Office,East,India,Demo City 7,32.65,1,0.2,12.19,Standard Class
DEMO-01297,2023-01-03,2023-01-10,Technology,Phones,Corporate,West,Germany,Demo City 29,302.42,11,0.1,32.79,First Class
DEMO-01298,2024-08-04,2024-08-08,Office Supplies,Storage,Home Office,North,United Kingdom,Demo City 10,229.18,10,0.0,34.48,Same Day
DEMO-01299,2025-09-27,2025-09-30,Technology,Machines,Corporate,North,Canada,Demo City 28,308.44,5,0.2,26.73,Same Day
DEMO-01300,2023-04-15,2023-04-18,Office Supplies,Storage,Consumer,East,India,Demo City 10,45.61,1,0.2,-2.88,Second Class
DEMO-01301,2023-10-29,2023-11-01,Office Supplies,Storage,Consumer,South,Australia,Demo City 15,170.0,3,0.1,47.77,Second Class
DEMO-01302,2024-03-11,2024-03-17,Furniture,Bookcases,Corporate,South,Australia,Demo City 25,379.3,3,0.3,18.43,Second Class
DEMO-01303,2025-12-06,2025-12-08,Office Supplies,Storage,Corporate,East,India,Demo City 9,12.33,2,0.0,2.26,Same Day
DEMO-01304,2025-05-29,2025-06-03,Furniture,Tables,Home Office,South,Australia,Demo City 6,1069.31,10,0.3,57.68,Second Class
DEMO-01305,2024-01-15,2024-01-20,Office Supplies,Storage,Consumer,North,United Kingdom,Demo City 11,146.74,2,0.2,6.35,Standard Class
DEMO-01306,2024-06-17,2024-06-24,Furniture,Tables,Consumer,West,United States,Demo City 21,543.23,7,0.2,-5.3,Standard Class
DEMO-01307,2025-03-11,2025-03-15,Furniture,Chairs,Home Office,East,India,Demo City 10,169.31,7,0.5,-83.89,Second Class
DEMO-01308,2025-10-28,2025-10-29,Office Supplies,Storage,Corporate,West,Germany,Demo City 12,415.33,8,0.0,138.73,First Class
DEMO-01309,2024-03-17,2024-03-24,Technology,Accessories,Home Office,North,United Kingdom,Demo City 8,145.14,4,0.2,10.31,Second Class
DEMO-01310,2023-03-08,2023-03-11,Office Supplies,Paper,Corporate,North,United Kingdom,Demo City 17,1189.23,9,0.0,20.54,First Class
DEMO-01311,2024-09-26,2024-10-03,Office Supplies,Paper,Corporate,West,United States,Demo City 17,205.04,3,0.3,-7.05,Standard Class
DEMO-01312,2025-02-22,2025-02-24,Office Supplies,Storage,Corporate,West,United States,Demo City 9,483.33,10,0.05,110.14,Second Class
DEMO-01313,2024-07-15,2024-07-19,Office Supplies,Binders,Corporate,North,United Kingdom,Demo City 12,165.45,10,0.05,50.31,Second Class
DEMO-01314,2025-03-19,2025-03-20,Furniture,Chairs,Home Office,West,Germany,Demo City 27,738.9,8,0.2,49.35,Second Class
DEMO-01315,2023-05-23,2023-05-30,Furniture,Tables,Consumer,East,Japan,Demo City 29,180.77,6,0.1,55.33,First Class
DEMO-01316,2023-03-14,2023-03-18,Furniture,Bookcases,Consumer,North,Canada,Demo City 10,460.72,9,0.2,-20.73,Second Class
DEMO-01317,2024-12-31,2025-01-01,Technology,Accessories,Corporate,North,Canada,Demo City 29,419.21,10,0.2,72.66,Same Day
DEMO-01318,2023-05-06,2023-05-07,Office Supplies,Binders,Corporate,West,Germany,Demo City 2,1704.2,9,0.0,315.66,Second Class
DEMO-01319,2025-02-04,2025-02-08,Technology,Accessories,Home Office,South,Brazil,Demo City 16,215.8,8,0.5,25.34,First Class
DEMO-01320,2024-11-07,2024-11-12,Office Supplies,Binders,Consumer,South,Brazil,Demo City 29,225.45,8,0.0,93.46,Second Class
DEMO-01321,2023-04-01,2023-04-08,Office Supplies,Storage,Corporate,West,United States,Demo City 28,620.63,7,0.2,98.86,Second Class
DEMO-01322,2023-07-26,2023-07-29,Office Supplies,Storage,Corporate,East,Japan,Demo City 16,625.17,10,0.2,36.42,Same Day
DEMO-01323,2024-07-28,2024-07-30,Technology,Accessories,Corporate,South,Brazil,Demo City 26,98.88,3,0.2,20.48,Second Class
DEMO-01324,2024-01-09,2024-01-14,Office Supplies,Binders,Home Office,East,India,Demo City 7,1124.76,9,0.1,111.49,Same Day
DEMO-01325,2024-12-16,2024-12-17,Furniture,Bookcases,Consumer,North,United Kingdom,Demo City 21,184.8,7,0.05,2.65,Same Day
DEMO-01326,2023-01-02,2023-01-08,Office Supplies,Binders,Consumer,South,Brazil,Demo City 15,1124.06,9,0.3,124.09,Second Class
DEMO-01327,2024-09-07,2024-09-11,Office Supplies,Paper,Home Office,South,Brazil,Demo City 21,264.83,10,0.3,-34.46,Same Day
DEMO-01328,2025-02-12,2025-02-14,Office Supplies,Paper,Home Office,South,Brazil,Demo City 19,591.85,11,0.3,-65.09,Standard Class
DEMO-01329,2025-05-06,2025-05-09,Furniture,Chairs,Consumer,South,Brazil,Demo City 11,158.51,7,0.3,2.76,First Class
DEMO-01330,2024-05-09,2024-05-14,Office Supplies,Paper,Home Office,North,Canada,Demo City 26,987.81,7,0.5,-88.83,Second Class
DEMO-01331,2024-11-30,2024-12-06,Furniture,Chairs,Consumer,South,Australia,Demo City 12,116.01,2,0.2,4.42,First Class
DEMO-01332,2024-12-26,2025-01-02,Technology,Phones,Home Office,North,Canada,Demo City 3,137.3,4,0.0,2.92,First Class
DEMO-01333,2025-11-18,2025-11-25,Technology,Accessories,Consumer,West,United States,Demo City 15,231.98,10,0.1,-0.28,Second Class
DEMO-01334,2025-10-09,2025-10-15,Furniture,Tables,Consumer,South,Australia,Demo City 16,235.43,5,0.2,-20.92,Same Day
DEMO-01335,2024-03-01,2024-03-03,Office Supplies,Paper,Consumer,West,Germany,Demo City 8,57.2,6,0.1,10.02,Second Class
DEMO-01336,2025-02-27,2025-03-03,Office Supplies,Storage,Home Office,East,Japan,Demo City 10,229.45,2,0.2,46.41,Same Day
DEMO-01337,2023-05-06,2023-05-09,Furniture,Tables,Consumer,North,United Kingdom,Demo City 16,64.96,8,0.0,12.24,Second Class
DEMO-01338,2025-08-09,2025-08-14,Furniture,Bookcases,Consumer,West,United States,Demo City 3,164.77,9,0.0,38.72,Second Class
DEMO-01339,2025-05-05,2025-05-10,Office Supplies,Binders,Consumer,West,United States,Demo City 30,192.36,6,0.2,49.43,Standard Class
DEMO-01340,2025-07-04,2025-07-06,Office Supplies,Paper,Home Office,West,Germany,Demo City 9,395.82,10,0.2,0.65,Same Day
DEMO-01341,2023-07-31,2023-08-03,Office Supplies,Paper,Home Office,East,Japan,Demo City 12,213.03,11,0.0,64.68,Same Day
DEMO-01342,2024-07-31,2024-08-05,Technology,Phones,Consumer,North,United Kingdom,Demo City 11,216.11,3,0.1,32.0,Second Class
DEMO-01343,2023-02-12,2023-02-17,Furniture,Tables,Consumer,North,United Kingdom,Demo City 19,133.51,11,0.05,10.56,Standard Class
DEMO-01344,2025-12-16,2025-12-17,Furniture,Chairs,Consumer,East,India,Demo City 18,1594.49,8,0.05,11.5,Second Class
DEMO-01345,2025-10-18,2025-10-22,Office Supplies,Paper,Home Office,South,Brazil,Demo City 14,246.24,8,0.2,50.02,Standard Class
DEMO-01346,2023-04-28,2023-05-03,Technology,Machines,Consumer,South,Brazil,Demo City 29,1336.3,8,0.05,408.19,First Class
DEMO-01347,2024-10-27,2024-11-03,Technology,Machines,Home Office,West,United States,Demo City 12,483.04,7,0.0,161.58,Standard Class
DEMO-01348,2023-09-29,2023-10-05,Office Supplies,Binders,Home Office,West,United States,Demo City 7,453.47,6,0.1,111.57,Second Class
DEMO-01349,2024-05-25,2024-05-31,Technology,Machines,Consumer,East,India,Demo City 10,1190.14,8,0.2,120.29,Standard Class
DEMO-01350,2025-04-27,2025-05-04,Furniture,Tables,Corporate,East,Japan,Demo City 27,242.13,3,0.0,7.4,Standard Class
DEMO-01351,2025-04-19,2025-04-23,Furniture,Chairs,Corporate,West,Germany,Demo City 4,300.81,3,0.5,-96.54,Same Day
DEMO-01352,2025-08-28,2025-08-30,Office Supplies,Paper,Corporate,North,Canada,Demo City 23,1110.09,10,0.2,118.97,Same Day
DEMO-01353,2023-03-31,2023-04-04,Technology,Phones,Home Office,South,Australia,Demo City 24,204.38,1,0.05,50.94,Same Day
DEMO-01354,2024-08-12,2024-08-15,Furniture,Bookcases,Corporate,South,Brazil,Demo City 12,1320.82,9,0.0,288.28,Second Class
DEMO-01355,2025-10-31,2025-11-07,Office Supplies,Paper,Home Office,North,Canada,Demo City 13,36.29,1,0.2,5.43,First Class
DEMO-01356,2024-10-19,2024-10-24,Technology,Machines,Home Office,East,Japan,Demo City 4,121.57,8,0.3,12.12,Standard Class
DEMO-01357,2024-11-08,2024-11-10,Technology,Accessories,Corporate,East,Japan,Demo City 19,926.64,8,0.2,-29.93,Same Day
DEMO-01358,2023-04-22,2023-04-26,Technology,Machines,Corporate,West,Germany,Demo City 27,263.26,4,0.05,69.26,Standard Class
DEMO-01359,2023-10-19,2023-10-26,Office Supplies,Storage,Corporate,West,Germany,Demo City 16,584.78,7,0.05,48.39,Second Class
DEMO-01360,2023-10-09,2023-10-11,Furniture,Chairs,Corporate,West,United States,Demo City 30,296.23,11,0.5,-17.42,Same Day
DEMO-01361,2024-11-02,2024-11-06,Office Supplies,Paper,Corporate,South,Australia,Demo City 11,1948.62,9,0.3,-178.24,Same Day
DEMO-01362,2025-02-02,2025-02-03,Furniture,Tables,Corporate,North,United Kingdom,Demo City 17,76.61,3,0.5,-6.07,Same Day
DEMO-01363,2025-12-26,2025-12-29,Office Supplies,Binders,Corporate,East,India,Demo City 13,259.39,5,0.1,46.15,Second Class
DEMO-01364,2025-08-28,2025-08-30,Office Supplies,Binders,Consumer,South,Australia,Demo City 22,59.85,3,0.1,1.06,Standard Class
DEMO-01365,2024-08-22,2024-08-27,Furniture,Bookcases,Home Office,East,Japan,Demo City 18,9.59,3,0.0,1.57,First Class
DEMO-01366,2023-01-01,2023-01-05,Furniture,Chairs,Home Office,North,Canada,Demo City 6,163.77,10,0.3,-6.89,Same Day
DEMO-01367,2024-04-15,2024-04-21,Furniture,Tables,Corporate,North,United Kingdom,Demo City 24,144.53,10,0.5,-46.95,Second Class
DEMO-01368,2025-02-18,2025-02-25,Technology,Phones,Corporate,West,Germany,Demo City 21,193.95,7,0.3,12.95,First Class
DEMO-01369,2025-01-15,2025-01-22,Office Supplies,Storage,Home Office,South,Brazil,Demo City 17,29.27,2,0.2,3.41,Standard Class
DEMO-01370,2023-09-10,2023-09-13,Furniture,Tables,Consumer,East,Japan,Demo City 20,81.36,1,0.3,13.38,Same Day
DEMO-01371,2023-06-30,2023-07-04,Office Supplies,Binders,Home Office,East,India,Demo City 15,380.38,10,0.3,-60.82,Same Day
DEMO-01372,2025-04-24,2025-05-01,Technology,Accessories,Corporate,South,Brazil,Demo City 4,1949.58,9,0.05,210.75,Second Class
DEMO-01373,2024-03-17,2024-03-20,Office Supplies,Storage,Home Office,South,Australia,Demo City 5,31.7,2,0.05,3.22,Standard Class
DEMO-01374,2023-05-10,2023-05-12,Technology,Accessories,Consumer,South,Australia,Demo City 11,308.85,11,0.0,38.03,Standard Class
DEMO-01375,2025-04-07,2025-04-14,Technology,Accessories,Consumer,South,Brazil,Demo City 4,282.35,10,0.1,27.59,Same Day
DEMO-01376,2023-01-23,2023-01-25,Furniture,Bookcases,Home Office,South,Australia,Demo City 6,355.26,11,0.05,62.62,First Class
DEMO-01377,2023-07-09,2023-07-15,Office Supplies,Binders,Corporate,East,Japan,Demo City 16,66.03,3,0.2,13.92,Same Day
DEMO-01378,2025-10-08,2025-10-14,Furniture,Chairs,Consumer,East,Japan,Demo City 21,260.16,7,0.0,30.97,First Class
DEMO-01379,2025-09-06,2025-09-11,Furniture,Bookcases,Home Office,North,United Kingdom,Demo City 7,112.64,5,0.3,-11.42,Standard Class
DEMO-01380,2025-03-17,2025-03-21,Technology,Machines,Consumer,West,United States,Demo City 23,1738.35,5,0.1,184.5,Second Class
DEMO-01381,2025-11-24,2025-11-29,Technology,Accessories,Home Office,East,India,Demo City 3,103.26,6,0.0,22.94,First Class
DEMO-01382,2023-01-06,2023-01-08,Technology,Phones,Consumer,East,Japan,Demo City 30,83.6,1,0.5,-40.99,Same Day
DEMO-01383,2023-09-08,2023-09-15,Office Supplies,Storage,Home Office,North,Canada,Demo City 16,37.39,4,0.0,5.12,Same Day
DEMO-01384,2023-04-10,2023-04-11,Furniture,Bookcases,Consumer,South,Brazil,Demo City 13,166.34,2,0.05,6.21,First Class
DEMO-01385,2024-01-11,2024-01-13,Furniture,Tables,Consumer,North,United Kingdom,Demo City 23,32.78,1,0.0,5.49,Same Day
DEMO-01386,2023-12-09,2023-12-11,Office Supplies,Storage,Consumer,North,Canada,Demo City 6,45.8,1,0.3,-4.94,First Class
DEMO-01387,2023-02-08,2023-02-15,Technology,Phones,Home Office,South,Australia,Demo City 13,1264.84,11,0.3,-7.91,Same Day
DEMO-01388,2024-01-04,2024-01-08,Furniture,Bookcases,Corporate,North,Canada,Demo City 25,944.29,8,0.3,-151.17,First Class
DEMO-01389,2023-09-12,2023-09-19,Technology,Accessories,Consumer,West,Germany,Demo City 10,239.9,7,0.0,14.79,Second Class
DEMO-01390,2024-10-01,2024-10-02,Technology,Machines,Corporate,West,United States,Demo City 10,880.38,6,0.0,200.71,First Class
DEMO-01391,2023-09-25,2023-09-26,Technology,Machines,Home Office,East,India,Demo City 7,205.78,7,0.0,49.18,Standard Class
DEMO-01392,2025-12-08,2025-12-13,Office Supplies,Storage,Home Office,East,Japan,Demo City 30,211.49,2,0.0,39.12,Standard Class
DEMO-01393,2025-10-24,2025-10-25,Technology,Accessories,Home Office,East,Japan,Demo City 29,1068.37,9,0.05,75.39,Second Class
DEMO-01394,2025-04-21,2025-04-25,Furniture,Chairs,Consumer,East,Japan,Demo City 11,348.36,9,0.05,-5.63,Standard Class
DEMO-01395,2023-12-09,2023-12-16,Technology,Accessories,Consumer,South,Australia,Demo City 30,1890.11,8,0.2,-62.49,Same Day
DEMO-01396,2024-12-11,2024-12-12,Furniture,Chairs,Home Office,East,India,Demo City 26,331.83,7,0.1,-44.52,Standard Class
DEMO-01397,2025-07-24,2025-07-28,Furniture,Tables,Consumer,East,India,Demo City 28,154.73,8,0.3,31.81,First Class
DEMO-01398,2025-05-25,2025-05-26,Furniture,Bookcases,Consumer,South,Brazil,Demo City 27,111.17,9,0.0,26.2,Second Class
DEMO-01399,2023-03-05,2023-03-08,Technology,Machines,Consumer,South,Brazil,Demo City 11,146.05,3,0.1,5.72,Standard Class
DEMO-01400,2025-05-06,2025-05-09,Office Supplies,Paper,Home Office,East,Japan,Demo City 2,177.16,8,0.0,38.56,Standard Class
DEMO-01401,2025-08-02,2025-08-05,Furniture,Bookcases,Consumer,North,United Kingdom,Demo City 8,185.97,4,0.0,29.57,First Class
DEMO-01402,2025-05-15,2025-05-22,Furniture,Bookcases,Corporate,East,Japan,Demo City 4,93.84,1,0.3,-6.55,Standard Class
DEMO-01403,2024-07-24,2024-07-30,Technology,Machines,Home Office,West,United States,Demo City 21,352.43,4,0.0,174.03,Same Day
DEMO-01404,2025-06-03,2025-06-09,Office Supplies,Paper,Home Office,East,India,Demo City 8,147.39,8,0.1,22.47,First Class
DEMO-01405,2023-02-21,2023-02-26,Furniture,Bookcases,Corporate,South,Australia,Demo City 14,1164.03,10,0.0,247.51,Standard Class
DEMO-01406,2025-06-10,2025-06-12,Office Supplies,Binders,Corporate,North,United Kingdom,Demo City 13,151.92,3,0.05,36.32,Second Class
DEMO-01407,2024-06-26,2024-06-27,Office Supplies,Binders,Home Office,East,Japan,Demo City 28,217.47,10,0.0,49.79,Same Day
DEMO-01408,2024-09-13,2024-09-14,Office Supplies,Paper,Consumer,East,Japan,Demo City 16,382.77,11,0.1,114.87,Second Class
DEMO-01409,2023-10-06,2023-10-08,Furniture,Chairs,Home Office,East,Japan,Demo City 25,201.93,3,0.2,28.19,First Class
DEMO-01410,2024-10-05,2024-10-08,Technology,Machines,Consumer,East,India,Demo City 13,127.94,1,0.1,7.69,Standard Class
DEMO-01411,2025-05-10,2025-05-11,Technology,Machines,Home Office,South,Australia,Demo City 30,109.57,2,0.1,27.83,Second Class
DEMO-01412,2023-07-27,2023-08-02,Furniture,Tables,Corporate,West,United States,Demo City 17,298.19,4,0.2,44.32,Same Day
DEMO-01413,2025-06-13,2025-06-14,Technology,Phones,Home Office,North,United Kingdom,Demo City 4,111.54,5,0.0,8.6,Second Class
DEMO-01414,2024-01-23,2024-01-27,Technology,Phones,Corporate,East,India,Demo City 24,84.38,4,0.2,8.61,Second Class
DEMO-01415,2024-03-31,2024-04-04,Technology,Machines,Home Office,North,United Kingdom,Demo City 25,539.52,8,0.0,47.77,Second Class
DEMO-01416,2024-02-12,2024-02-19,Office Supplies,Storage,Home Office,West,Germany,Demo City 30,112.32,8,0.3,-5.49,First Class
DEMO-01417,2024-09-13,2024-09-16,Office Supplies,Paper,Corporate,North,Canada,Demo City 3,57.72,2,0.2,-2.36,Standard Class
DEMO-01418,2023-09-19,2023-09-25,Technology,Accessories,Home Office,North,Canada,Demo City 19,29.42,1,0.3,0.96,First Class
DEMO-01419,2025-10-12,2025-10-13,Office Supplies,Storage,Consumer,West,United States,Demo City 11,1100.97,11,0.2,38.08,First Class
DEMO-01420,2023-07-10,2023-07-11,Technology,Accessories,Home Office,West,Germany,Demo City 5,112.79,2,0.0,21.06,Same Day
DEMO-01421,2025-08-24,2025-08-30,Technology,Phones,Consumer,East,Japan,Demo City 2,143.93,6,0.05,22.16,Second Class
DEMO-01422,2025-07-27,2025-07-29,Furniture,Tables,Home Office,South,Australia,Demo City 14,35.2,1,0.05,4.03,First Class
DEMO-01423,2025-06-22,2025-06-24,Furniture,Tables,Consumer,West,Germany,Demo City 2,298.41,11,0.05,2.79,Same Day
DEMO-01424,2025-01-16,2025-01-23,Office Supplies,Paper,Home Office,North,Canada,Demo City 27,295.31,6,0.1,19.0,Second Class
DEMO-01425,2025-06-03,2025-06-04,Office Supplies,Paper,Consumer,South,Brazil,Demo City 8,529.29,9,0.2,-64.24,Standard Class
DEMO-01426,2024-08-31,2024-09-05,Furniture,Tables,Corporate,North,United Kingdom,Demo City 12,70.14,2,0.3,-9.85,Standard Class
DEMO-01427,2024-06-04,2024-06-06,Office Supplies,Paper,Home Office,East,Japan,Demo City 27,513.18,4,0.1,-20.26,Standard Class
DEMO-01428,2025-12-09,2025-12-10,Office Supplies,Binders,Home Office,North,United Kingdom,Demo City 9,12.51,1,0.0,0.99,First Class
DEMO-01429,2025-05-27,2025-06-03,Furniture,Chairs,Consumer,South,Australia,Demo City 10,116.62,6,0.1,-12.09,Second Class
DEMO-01430,2025-10-08,2025-10-13,Furniture,Chairs,Consumer,North,United Kingdom,Demo City 29,306.26,10,0.05,-34.09,Second Class
DEMO-01431,2023-04-15,2023-04-18,Office Supplies,Binders,Consumer,South,Brazil,Demo City 30,783.27,11,0.1,196.29,Same Day
DEMO-01432,2025-09-25,2025-10-01,Furniture,Tables,Corporate,North,United Kingdom,Demo City 16,294.71,10,0.2,24.1,First Class
DEMO-01433,2024-07-22,2024-07-26,Office Supplies,Binders,Consumer,North,Canada,Demo City 20,11.49,1,0.2,-2.57,Same Day
DEMO-01434,2024-12-02,2024-12-05,Furniture,Bookcases,Home Office,West,Germany,Demo City 24,408.87,10,0.0,144.43,First Class
DEMO-01435,2024-04-21,2024-04-26,Furniture,Bookcases,Consumer,South,Brazil,Demo City 29,162.44,4,0.2,-10.96,First Class
DEMO-01436,2023-11-22,2023-11-28,Furniture,Bookcases,Corporate,South,Australia,Demo City 4,684.55,3,0.5,-228.43,Second Class
DEMO-01437,2023-06-25,2023-06-29,Furniture,Bookcases,Corporate,North,Canada,Demo City 7,28.14,2,0.1,7.06,Same Day
DEMO-01438,2025-01-18,2025-01-21,Technology,Machines,Consumer,West,Germany,Demo City 2,132.39,4,0.3,-10.86,First Class
DEMO-01439,2025-10-21,2025-10-28,Furniture,Chairs,Home Office,East,India,Demo City 19,87.21,6,0.2,3.0,Same Day
DEMO-01440,2023-12-16,2023-12-23,Furniture,Bookcases,Home Office,North,United Kingdom,Demo City 19,108.97,2,0.0,42.75,Second Class
DEMO-01441,2023-06-26,2023-07-02,Office Supplies,Storage,Consumer,South,Australia,Demo City 28,419.38,5,0.1,-32.61,Second Class
DEMO-01442,2025-05-22,2025-05-23,Office Supplies,Binders,Consumer,West,Germany,Demo City 20,113.86,3,0.0,24.3,Standard Class
DEMO-01443,2025-09-19,2025-09-22,Technology,Phones,Consumer,East,India,Demo City 27,63.07,3,0.2,0.56,Second Class
DEMO-01444,2023-01-30,2023-02-05,Furniture,Chairs,Consumer,North,United Kingdom,Demo City 14,152.85,9,0.05,34.56,Standard Class
DEMO-01445,2023-08-19,2023-08-21,Office Supplies,Storage,Consumer,West,United States,Demo City 1,72.53,4,0.2,4.47,Second Class
DEMO-01446,2024-02-18,2024-02-24,Office Supplies,Binders,Consumer,East,India,Demo City 3,232.96,9,0.2,-14.47,Second Class
DEMO-01447,2024-01-08,2024-01-11,Technology,Accessories,Home Office,East,India,Demo City 18,166.08,7,0.0,59.74,Second Class
DEMO-01448,2025-08-26,2025-08-29,Office Supplies,Binders,Corporate,East,Japan,Demo City 20,857.63,7,0.1,15.82,Standard Class
DEMO-01449,2023-07-04,2023-07-10,Furniture,Bookcases,Corporate,West,Germany,Demo City 25,494.08,9,0.1,62.34,First Class
DEMO-01450,2024-03-23,2024-03-29,Furniture,Tables,Consumer,West,United States,Demo City 16,246.69,6,0.2,2.68,Standard Class
DEMO-01451,2025-11-02,2025-11-06,Furniture,Chairs,Home Office,South,Brazil,Demo City 26,119.37,11,0.1,18.77,Same Day
DEMO-01452,2024-03-27,2024-04-01,Technology,Machines,Consumer,West,United States,Demo City 2,501.9,10,0.0,185.4,First Class
DEMO-01453,2025-09-11,2025-09-15,Technology,Accessories,Home Office,North,United Kingdom,Demo City 10,64.29,3,0.05,14.86,Same Day
DEMO-01454,2025-03-07,2025-03-10,Office Supplies,Paper,Corporate,South,Australia,Demo City 18,392.9,9,0.0,129.62,Standard Class
DEMO-01455,2024-11-12,2024-11-15,Furniture,Bookcases,Home Office,South,Australia,Demo City 26,157.27,8,0.2,33.99,Same Day
DEMO-01456,2023-02-02,2023-02-06,Office Supplies,Binders,Corporate,South,Brazil,Demo City 8,2120.61,8,0.1,24.19,Second Class
DEMO-01457,2023-05-09,2023-05-11,Furniture,Tables,Home Office,North,United Kingdom,Demo City 25,74.16,1,0.1,0.35,Second Class
DEMO-01458,2023-05-03,2023-05-09,Technology,Machines,Corporate,West,Germany,Demo City 6,119.08,2,0.3,-17.73,First Class
DEMO-01459,2023-08-07,2023-08-14,Technology,Machines,Consumer,East,India,Demo City 5,180.61,5,0.5,-29.82,Standard Class
DEMO-01460,2025-12-07,2025-12-11,Furniture,Tables,Home Office,South,Australia,Demo City 23,884.82,9,0.3,-128.13,First Class
DEMO-01461,2025-10-07,2025-10-11,Furniture,Tables,Consumer,West,United States,Demo City 28,423.27,4,0.05,87.96,Standard Class
DEMO-01462,2024-11-08,2024-11-10,Technology,Machines,Corporate,West,Germany,Demo City 7,42.95,1,0.1,4.34,First Class
DEMO-01463,2025-02-04,2025-02-07,Furniture,Bookcases,Corporate,South,Australia,Demo City 1,499.9,8,0.0,87.66,Same Day
DEMO-01464,2024-01-19,2024-01-20,Office Supplies,Paper,Corporate,North,Canada,Demo City 20,174.11,6,0.1,23.96,Second Class
DEMO-01465,2025-07-17,2025-07-19,Technology,Phones,Home Office,West,United States,Demo City 30,134.8,3,0.2,0.08,First Class
DEMO-01466,2025-08-26,2025-08-29,Furniture,Bookcases,Home Office,South,Brazil,Demo City 28,119.88,4,0.0,23.15,First Class
DEMO-01467,2025-05-12,2025-05-18,Furniture,Tables,Home Office,East,India,Demo City 26,393.83,8,0.2,-32.02,Second Class
DEMO-01468,2023-08-24,2023-08-26,Office Supplies,Storage,Consumer,West,United States,Demo City 29,800.29,11,0.1,123.63,Second Class
DEMO-01469,2025-02-17,2025-02-20,Technology,Machines,Corporate,West,United States,Demo City 21,138.9,4,0.2,14.89,Standard Class
DEMO-01470,2023-04-08,2023-04-12,Office Supplies,Binders,Consumer,North,United Kingdom,Demo City 19,26.98,1,0.0,8.99,Same Day
DEMO-01471,2023-10-21,2023-10-28,Office Supplies,Storage,Corporate,East,Japan,Demo City 19,546.94,11,0.2,41.24,First Class
DEMO-01472,2024-02-08,2024-02-09,Furniture,Bookcases,Consumer,South,Australia,Demo City 10,323.28,6,0.2,38.14,Second Class
DEMO-01473,2024-03-16,2024-03-20,Technology,Accessories,Corporate,South,Australia,Demo City 24,2010.41,10,0.0,553.18,First Class
DEMO-01474,2025-03-05,2025-03-10,Furniture,Bookcases,Corporate,West,Germany,Demo City 23,1207.1,11,0.3,154.95,Same Day
DEMO-01475,2024-03-17,2024-03-18,Office Supplies,Binders,Corporate,North,United Kingdom,Demo City 16,46.05,3,0.0,13.68,Second Class
DEMO-01476,2025-06-04,2025-06-10,Office Supplies,Binders,Corporate,West,United States,Demo City 18,13.73,1,0.0,1.64,Same Day
DEMO-01477,2023-05-16,2023-05-17,Office Supplies,Paper,Corporate,South,Australia,Demo City 4,98.44,5,0.5,-9.23,Standard Class
DEMO-01478,2025-09-06,2025-09-09,Furniture,Bookcases,Home Office,East,Japan,Demo City 16,431.68,9,0.0,81.92,Standard Class
DEMO-01479,2023-08-30,2023-09-04,Office Supplies,Storage,Home Office,South,Brazil,Demo City 1,224.56,6,0.05,1.96,Second Class
DEMO-01480,2024-01-20,2024-01-27,Technology,Machines,Home Office,East,India,Demo City 17,927.13,10,0.3,-28.0,Same Day
DEMO-01481,2025-11-11,2025-11-17,Furniture,Bookcases,Home Office,East,Japan,Demo City 27,43.29,11,0.1,-0.49,Standard Class
DEMO-01482,2024-03-23,2024-03-29,Office Supplies,Paper,Corporate,South,Australia,Demo City 18,352.72,5,0.2,0.22,Standard Class
DEMO-01483,2023-08-21,2023-08-25,Furniture,Tables,Corporate,East,Japan,Demo City 12,426.21,10,0.2,-31.53,Standard Class
DEMO-01484,2024-10-01,2024-10-05,Furniture,Tables,Corporate,North,Canada,Demo City 23,105.06,3,0.2,18.79,Same Day
DEMO-01485,2024-09-10,2024-09-16,Office Supplies,Paper,Consumer,South,Brazil,Demo City 6,36.48,1,0.5,-5.89,Same Day
DEMO-01486,2024-06-24,2024-06-26,Furniture,Tables,Consumer,North,Canada,Demo City 29,261.74,6,0.0,7.19,First Class
DEMO-01487,2024-12-10,2024-12-17,Office Supplies,Paper,Consumer,South,Australia,Demo City 3,442.12,6,0.05,142.06,Standard Class
DEMO-01488,2025-01-04,2025-01-08,Office Supplies,Paper,Consumer,North,Canada,Demo City 18,45.18,1,0.1,6.39,Second Class
DEMO-01489,2024-11-21,2024-11-28,Technology,Machines,Home Office,North,Canada,Demo City 25,23.68,2,0.05,1.13,Same Day
DEMO-01490,2024-08-28,2024-08-29,Office Supplies,Storage,Corporate,South,Australia,Demo City 12,481.45,10,0.05,99.84,Same Day
DEMO-01491,2024-06-14,2024-06-16,Furniture,Tables,Consumer,East,Japan,Demo City 16,192.72,6,0.05,13.67,Standard Class
DEMO-01492,2025-04-02,2025-04-09,Furniture,Tables,Consumer,West,United States,Demo City 16,1476.11,9,0.1,64.45,Second Class
DEMO-01493,2025-12-13,2025-12-15,Furniture,Tables,Corporate,North,Canada,Demo City 19,1256.89,11,0.3,240.03,Second Class
DEMO-01494,2024-09-07,2024-09-10,Office Supplies,Storage,Corporate,North,United Kingdom,Demo City 18,464.73,8,0.2,-62.85,Standard Class
DEMO-01495,2024-05-31,2024-06-04,Furniture,Chairs,Corporate,East,India,Demo City 22,189.13,9,0.0,54.44,First Class
DEMO-01496,2024-11-24,2024-11-25,Office Supplies,Paper,Home Office,East,India,Demo City 14,23.01,1,0.3,-1.85,First Class
DEMO-01497,2023-08-20,2023-08-21,Office Supplies,Paper,Corporate,South,Australia,Demo City 29,251.75,6,0.2,5.93,Same Day
DEMO-01498,2023-03-03,2023-03-04,Office Supplies,Paper,Home Office,East,India,Demo City 7,161.61,4,0.3,-1.36,First Class
DEMO-01499,2023-02-17,2023-02-18,Furniture,Bookcases,Corporate,West,United States,Demo City 28,239.49,4,0.1,-22.07,First Class
DEMO-01500,2024-10-11,2024-10-15,Office Supplies,Paper,Home Office,North,United Kingdom,Demo City 6,150.33,5,0.0,3.15,Standard Class
DEMO-01501,2025-07-29,2025-08-05,Furniture,Chairs,Home Office,South,Brazil,Demo City 5,180.63,10,0.3,-16.86,First Class
DEMO-01502,2024-10-25,2024-10-28,Office Supplies,Paper,Corporate,North,Canada,Demo City 11,45.45,1,0.2,16.19,Second Class
DEMO-01503,2025-03-21,2025-03-23,Technology,Machines,Corporate,South,Australia,Demo City 27,830.62,5,0.0,33.98,Second Class
DEMO-01504,2023-11-08,2023-11-11,Furniture,Chairs,Consumer,East,India,Demo City 24,112.93,7,0.2,22.62,Second Class
DEMO-01505,2023-05-02,2023-05-05,Technology,Phones,Home Office,South,Australia,Demo City 22,374.43,9,0.0,52.61,Standard Class
DEMO-01506,2024-05-01,2024-05-08,Furniture,Chairs,Home Office,South,Australia,Demo City 30,445.81,5,0.2,79.75,Second Class
DEMO-01507,2024-06-16,2024-06-19,Technology,Phones,Home Office,East,Japan,Demo City 7,57.09,1,0.3,-5.91,Same Day
DEMO-01508,2024-04-05,2024-04-08,Technology,Accessories,Corporate,East,Japan,Demo City 28,628.64,6,0.2,40.28,Same Day
DEMO-01509,2025-09-06,2025-09-08,Technology,Phones,Corporate,North,United Kingdom,Demo City 17,379.21,5,0.0,59.07,Standard Class
DEMO-01510,2023-11-20,2023-11-26,Furniture,Chairs,Home Office,West,United States,Demo City 16,1838.51,10,0.1,656.5,Standard Class
DEMO-01511,2023-09-09,2023-09-10,Technology,Accessories,Consumer,West,United States,Demo City 4,38.29,1,0.2,-5.63,Second Class
DEMO-01512,2023-03-06,2023-03-09,Office Supplies,Paper,Corporate,West,Germany,Demo City 6,192.8,4,0.2,58.35,Same Day
DEMO-01513,2023-09-07,2023-09-10,Office Supplies,Paper,Home Office,South,Brazil,Demo City 20,147.9,5,0.3,-0.98,Same Day
DEMO-01514,2023-06-04,2023-06-06,Technology,Phones,Consumer,East,Japan,Demo City 15,292.14,7,0.05,63.24,First Class
DEMO-01515,2024-09-03,2024-09-05,Technology,Machines,Consumer,North,United Kingdom,Demo City 17,8.0,1,0.05,0.85,First Class
DEMO-01516,2023-10-24,2023-10-28,Furniture,Chairs,Corporate,West,Germany,Demo City 2,476.12,10,0.2,-27.63,Second Class
DEMO-01517,2023-03-10,2023-03-15,Technology,Machines,Home Office,South,Brazil,Demo City 13,142.97,4,0.0,18.49,Second Class
DEMO-01518,2024-03-02,2024-03-08,Technology,Accessories,Corporate,North,United Kingdom,Demo City 5,51.15,5,0.05,4.7,First Class
DEMO-01519,2024-02-01,2024-02-08,Technology,Accessories,Corporate,East,Japan,Demo City 5,41.73,1,0.0,7.83,First Class
DEMO-01520,2024-01-21,2024-01-26,Office Supplies,Storage,Consumer,West,Germany,Demo City 29,142.64,2,0.0,32.76,Same Day
DEMO-01521,2023-10-28,2023-11-04,Technology,Accessories,Corporate,West,United States,Demo City 10,413.89,8,0.0,44.88,First Class
DEMO-01522,2025-08-13,2025-08-19,Furniture,Bookcases,Consumer,East,India,Demo City 7,466.06,6,0.1,54.7,Standard Class
DEMO-01523,2025-01-20,2025-01-23,Furniture,Tables,Corporate,West,Germany,Demo City 19,181.07,8,0.0,29.46,Second Class
DEMO-01524,2023-12-22,2023-12-23,Furniture,Chairs,Consumer,North,Canada,Demo City 22,394.86,8,0.0,52.14,Same Day
DEMO-01525,2024-01-08,2024-01-15,Furniture,Bookcases,Corporate,North,United Kingdom,Demo City 14,69.61,4,0.0,19.13,First Class
DEMO-01526,2024-10-25,2024-10-30,Office Supplies,Paper,Consumer,East,Japan,Demo City 9,13.82,1,0.5,-2.52,First Class
DEMO-01527,2024-08-27,2024-08-29,Technology,Machines,Corporate,West,United States,Demo City 5,1132.45,11,0.05,81.18,First Class
DEMO-01528,2024-08-09,2024-08-11,Furniture,Tables,Corporate,West,United States,Demo City 30,189.68,11,0.0,31.28,Same Day
DEMO-01529,2025-10-18,2025-10-23,Furniture,Tables,Corporate,South,Australia,Demo City 11,682.06,8,0.05,187.92,Same Day
DEMO-01530,2023-07-02,2023-07-08,Office Supplies,Storage,Corporate,South,Brazil,Demo City 2,86.81,3,0.1,19.37,Second Class
DEMO-01531,2025-07-20,2025-07-23,Furniture,Bookcases,Consumer,West,Germany,Demo City 6,784.05,6,0.1,-101.16,First Class
DEMO-01532,2024-01-22,2024-01-27,Office Supplies,Paper,Consumer,North,United Kingdom,Demo City 4,129.53,3,0.1,12.1,Standard Class
DEMO-01533,2025-07-31,2025-08-04,Technology,Machines,Home Office,South,Brazil,Demo City 17,834.03,2,0.1,260.65,Standard Class
DEMO-01534,2024-12-17,2024-12-24,Furniture,Bookcases,Consumer,West,Germany,Demo City 22,275.85,9,0.1,22.89,Same Day
DEMO-01535,2024-05-31,2024-06-07,Office Supplies,Paper,Consumer,East,India,Demo City 28,73.12,6,0.2,-1.22,Same Day
DEMO-01536,2024-10-24,2024-10-31,Technology,Phones,Home Office,West,United States,Demo City 11,88.25,1,0.1,34.26,Same Day
DEMO-01537,2025-03-05,2025-03-07,Office Supplies,Binders,Consumer,North,Canada,Demo City 20,190.75,6,0.0,5.67,Standard Class
DEMO-01538,2023-03-09,2023-03-15,Technology,Phones,Corporate,North,Canada,Demo City 2,54.15,1,0.3,-0.34,Same Day
DEMO-01539,2025-03-15,2025-03-21,Office Supplies,Binders,Home Office,South,Brazil,Demo City 18,716.33,7,0.05,38.94,Second Class
DEMO-01540,2023-01-05,2023-01-07,Furniture,Tables,Corporate,East,India,Demo City 27,148.72,9,0.0,26.95,Standard Class
DEMO-01541,2025-02-05,2025-02-12,Office Supplies,Storage,Home Office,East,Japan,Demo City 17,240.44,8,0.2,20.21,First Class
DEMO-01542,2025-03-08,2025-03-15,Office Supplies,Storage,Home Office,North,United Kingdom,Demo City 2,435.74,8,0.1,71.26,First Class
DEMO-01543,2025-10-02,2025-10-05,Office Supplies,Binders,Consumer,West,Germany,Demo City 30,544.06,11,0.0,83.7,Second Class
DEMO-01544,2023-11-23,2023-11-30,Technology,Accessories,Corporate,North,United Kingdom,Demo City 2,223.38,3,0.0,34.53,Second Class
DEMO-01545,2025-11-04,2025-11-05,Technology,Machines,Consumer,West,United States,Demo City 25,220.4,2,0.5,-33.48,First Class
DEMO-01546,2023-05-12,2023-05-16,Office Supplies,Storage,Consumer,South,Australia,Demo City 11,300.03,10,0.2,-51.85,First Class
DEMO-01547,2024-07-03,2024-07-08,Furniture,Tables,Home Office,East,Japan,Demo City 22,457.06,9,0.1,20.55,First Class
DEMO-01548,2023-04-11,2023-04-17,Office Supplies,Storage,Corporate,West,United States,Demo City 26,69.73,3,0.1,7.26,Standard Class
DEMO-01549,2023-10-31,2023-11-02,Office Supplies,Storage,Consumer,North,United Kingdom,Demo City 5,285.1,10,0.2,-27.37,First Class
DEMO-01550,2024-02-20,2024-02-25,Furniture,Chairs,Corporate,North,United Kingdom,Demo City 23,486.78,3,0.0,123.62,Same Day
DEMO-01551,2025-02-21,2025-02-26,Furniture,Bookcases,Corporate,South,Brazil,Demo City 26,224.79,10,0.2,32.95,Standard Class
DEMO-01552,2024-11-14,2024-11-18,Furniture,Bookcases,Home Office,South,Australia,Demo City 24,452.98,10,0.0,83.9,First Class
DEMO-01553,2025-09-25,2025-10-01,Technology,Accessories,Consumer,West,United States,Demo City 5,133.91,6,0.05,4.77,Standard Class
DEMO-01554,2023-12-23,2023-12-29,Furniture,Chairs,Home Office,West,United States,Demo City 29,215.99,7,0.0,37.63,Standard Class
DEMO-01555,2025-11-23,2025-11-27,Office Supplies,Paper,Consumer,North,Canada,Demo City 15,122.44,3,0.2,-24.01,Standard Class
DEMO-01556,2023-11-05,2023-11-10,Technology,Phones,Consumer,North,United Kingdom,Demo City 3,573.29,5,0.1,2.08,First Class
DEMO-01557,2023-08-28,2023-08-31,Furniture,Chairs,Corporate,North,United Kingdom,Demo City 21,218.37,8,0.0,75.05,Second Class
DEMO-01558,2023-07-27,2023-07-30,Furniture,Chairs,Corporate,West,United States,Demo City 1,106.53,4,0.1,2.46,Standard Class
DEMO-01559,2024-03-18,2024-03-19,Furniture,Bookcases,Corporate,East,India,Demo City 11,142.12,5,0.2,13.06,First Class
DEMO-01560,2025-10-09,2025-10-10,Technology,Phones,Consumer,South,Australia,Demo City 21,153.06,7,0.1,23.76,First Class
DEMO-01561,2024-12-22,2024-12-25,Furniture,Tables,Consumer,South,Australia,Demo City 2,28.55,3,0.05,8.57,Second Class
DEMO-01562,2025-11-04,2025-11-09,Office Supplies,Paper,Consumer,South,Brazil,Demo City 22,413.05,11,0.1,64.13,First Class
DEMO-01563,2025-12-15,2025-12-17,Furniture,Chairs,Consumer,South,Australia,Demo City 3,166.78,5,0.5,12.8,First Class
DEMO-01564,2024-03-18,2024-03-22,Technology,Machines,Home Office,West,United States,Demo City 1,197.24,8,0.05,50.56,First Class
DEMO-01565,2025-05-05,2025-05-12,Office Supplies,Storage,Corporate,West,United States,Demo City 17,456.87,9,0.05,160.27,First Class
DEMO-01566,2023-01-08,2023-01-10,Office Supplies,Storage,Home Office,South,Brazil,Demo City 18,1150.85,9,0.3,-109.82,First Class
DEMO-01567,2025-11-22,2025-11-23,Furniture,Bookcases,Home Office,West,United States,Demo City 25,133.16,4,0.3,20.79,Standard Class
DEMO-01568,2024-10-27,2024-11-02,Office Supplies,Storage,Home Office,West,United States,Demo City 13,392.87,7,0.1,87.67,Same Day
DEMO-01569,2025-06-26,2025-06-28,Technology,Phones,Home Office,East,India,Demo City 22,615.11,11,0.1,57.15,Second Class
DEMO-01570,2025-01-26,2025-01-27,Furniture,Bookcases,Home Office,East,Japan,Demo City 22,96.82,11,0.1,21.69,First Class
DEMO-01571,2024-06-22,2024-06-25,Technology,Machines,Home Office,South,Australia,Demo City 19,107.56,7,0.1,16.33,Standard Class
DEMO-01572,2024-01-22,2024-01-23,Office Supplies,Binders,Corporate,South,Brazil,Demo City 4,158.97,3,0.1,22.78,Second Class
DEMO-01573,2023-08-12,2023-08-19,Technology,Accessories,Consumer,South,Brazil,Demo City 20,53.76,3,0.2,7.49,First Class
DEMO-01574,2023-08-11,2023-08-14,Technology,Accessories,Home Office,East,India,Demo City 24,304.26,3,0.1,61.35,Second Class
DEMO-01575,2024-03-27,2024-03-28,Furniture,Chairs,Corporate,West,United States,Demo City 25,62.72,2,0.2,7.65,Standard Class
DEMO-01576,2023-05-05,2023-05-06,Furniture,Chairs,Corporate,East,Japan,Demo City 20,258.67,11,0.05,29.66,First Class
DEMO-01577,2023-09-19,2023-09-26,Technology,Phones,Consumer,South,Brazil,Demo City 21,259.98,2,0.2,34.12,First Class
DEMO-01578,2023-03-13,2023-03-17,Technology,Accessories,Home Office,West,United States,Demo City 8,431.39,8,0.2,-14.25,First Class
DEMO-01579,2025-09-30,2025-10-03,Furniture,Chairs,Consumer,East,India,Demo City 6,52.39,5,0.3,-2.95,First Class
DEMO-01580,2023-02-02,2023-02-06,Furniture,Bookcases,Home Office,North,United Kingdom,Demo City 10,206.02,8,0.1,28.14,Second Class
DEMO-01581,2023-05-02,2023-05-03,Furniture,Bookcases,Consumer,North,United Kingdom,Demo City 13,155.88,4,0.0,44.04,Same Day
DEMO-01582,2024-03-05,2024-03-07,Technology,Accessories,Home Office,East,India,Demo City 2,140.25,5,0.2,-2.53,Same Day
DEMO-01583,2025-06-05,2025-06-12,Office Supplies,Storage,Consumer,West,Germany,Demo City 6,60.99,4,0.3,-6.42,Standard Class
DEMO-01584,2025-04-30,2025-05-03,Furniture,Chairs,Corporate,East,Japan,Demo City 8,2448.62,10,0.0,166.55,Same Day
DEMO-01585,2023-05-18,2023-05-20,Technology,Machines,Consumer,North,United Kingdom,Demo City 16,161.88,7,0.0,34.89,Second Class
DEMO-01586,2025-08-25,2025-08-29,Furniture,Tables,Consumer,South,Brazil,Demo City 4,726.6,9,0.1,42.92,Standard Class
DEMO-01587,2023-09-17,2023-09-22,Furniture,Chairs,Consumer,South,Brazil,Demo City 9,140.89,7,0.0,22.9,Second Class
DEMO-01588,2024-07-26,2024-07-27,Office Supplies,Binders,Home Office,North,United Kingdom,Demo City 20,65.25,4,0.0,9.99,First Class
DEMO-01589,2024-12-26,2025-01-01,Furniture,Chairs,Consumer,East,Japan,Demo City 8,483.28,7,0.05,86.37,First Class
DEMO-01590,2025-03-09,2025-03-16,Office Supplies,Paper,Consumer,North,Canada,Demo City 15,583.88,6,0.0,109.12,First Class
DEMO-01591,2024-08-13,2024-08-18,Technology,Phones,Consumer,East,India,Demo City 9,142.83,11,0.2,2.56,Same Day
DEMO-01592,2024-05-18,2024-05-19,Technology,Machines,Consumer,West,Germany,Demo City 27,993.86,11,0.05,120.28,Standard Class
DEMO-01593,2024-01-12,2024-01-14,Furniture,Bookcases,Consumer,South,Australia,Demo City 20,978.75,11,0.3,-46.65,Standard Class
DEMO-01594,2024-01-29,2024-02-04,Furniture,Tables,Consumer,East,Japan,Demo City 15,1199.79,8,0.3,29.78,Second Class
DEMO-01595,2024-04-28,2024-05-05,Office Supplies,Binders,Consumer,East,India,Demo City 23,69.51,1,0.0,12.24,First Class
DEMO-01596,2024-07-12,2024-07-14,Technology,Accessories,Corporate,West,Germany,Demo City 16,157.56,7,0.1,-3.13,Second Class
DEMO-01597,2025-12-20,2025-12-22,Furniture,Chairs,Consumer,West,Germany,Demo City 29,91.03,1,0.2,16.81,Same Day
DEMO-01598,2023-08-13,2023-08-17,Technology,Machines,Home Office,East,India,Demo City 25,31.56,1,0.0,8.92,Standard Class
DEMO-01599,2024-04-13,2024-04-15,Technology,Accessories,Consumer,North,Canada,Demo City 17,394.14,7,0.3,-18.72,Same Day
DEMO-01600,2025-07-08,2025-07-14,Technology,Phones,Consumer,North,United Kingdom,Demo City 17,173.4,1,0.2,3.01,First Class
DEMO-01601,2024-10-23,2024-10-30,Office Supplies,Paper,Home Office,South,Brazil,Demo City 2,133.82,2,0.2,44.59,Second Class
DEMO-01602,2023-07-31,2023-08-02,Furniture,Chairs,Consumer,North,United Kingdom,Demo City 6,1524.19,10,0.1,-23.6,First Class
DEMO-01603,2023-01-30,2023-02-01,Office Supplies,Paper,Home Office,East,India,Demo City 15,112.98,3,0.1,52.63,Same Day
DEMO-01604,2023-10-20,2023-10-23,Furniture,Tables,Consumer,West,Germany,Demo City 10,114.6,2,0.3,-20.24,First Class
DEMO-01605,2023-01-02,2023-01-06,Technology,Accessories,Home Office,South,Australia,Demo City 27,134.67,4,0.3,12.3,Second Class
DEMO-01606,2025-02-28,2025-03-07,Furniture,Tables,Consumer,East,Japan,Demo City 27,163.25,7,0.3,35.31,First Class
DEMO-01607,2024-02-03,2024-02-07,Furniture,Bookcases,Home Office,North,United Kingdom,Demo City 5,24.37,1,0.1,4.56,Same Day
DEMO-01608,2023-10-10,2023-10-15,Technology,Phones,Corporate,South,Brazil,Demo City 7,149.94,4,0.05,-13.06,First Class
DEMO-01609,2023-08-25,2023-08-27,Technology,Accessories,Home Office,West,United States,Demo City 29,206.22,6,0.1,32.5,Second Class
DEMO-01610,2023-05-12,2023-05-14,Furniture,Tables,Corporate,North,United Kingdom,Demo City 25,222.46,3,0.1,40.86,Same Day
DEMO-01611,2025-08-25,2025-08-29,Office Supplies,Binders,Home Office,West,United States,Demo City 27,104.13,2,0.2,1.77,First Class
DEMO-01612,2023-04-06,2023-04-12,Technology,Accessories,Home Office,North,Canada,Demo City 25,39.34,1,0.05,4.63,Standard Class
DEMO-01613,2024-08-07,2024-08-09,Office Supplies,Paper,Consumer,North,United Kingdom,Demo City 8,306.22,8,0.1,13.99,First Class
DEMO-01614,2023-07-25,2023-07-30,Office Supplies,Storage,Consumer,East,Japan,Demo City 23,164.81,5,0.2,16.47,Second Class
DEMO-01615,2025-07-25,2025-08-01,Office Supplies,Paper,Corporate,South,Brazil,Demo City 13,112.93,5,0.0,20.66,Same Day
DEMO-01616,2025-11-14,2025-11-17,Office Supplies,Storage,Corporate,East,India,Demo City 15,171.16,5,0.2,-30.17,First Class
DEMO-01617,2025-08-27,2025-09-03,Technology,Phones,Consumer,South,Brazil,Demo City 26,201.73,9,0.05,69.08,Standard Class
DEMO-01618,2023-06-22,2023-06-29,Office Supplies,Storage,Corporate,North,United Kingdom,Demo City 25,300.84,8,0.1,118.06,First Class
DEMO-01619,2023-08-08,2023-08-10,Furniture,Bookcases,Corporate,North,United Kingdom,Demo City 13,18.4,2,0.0,0.82,Standard Class
DEMO-01620,2025-07-06,2025-07-13,Technology,Machines,Corporate,South,Australia,Demo City 26,89.29,2,0.0,9.84,Standard Class
DEMO-01621,2024-03-14,2024-03-21,Furniture,Chairs,Home Office,West,United States,Demo City 14,2615.13,11,0.1,71.54,First Class
DEMO-01622,2023-08-02,2023-08-04,Technology,Phones,Corporate,East,Japan,Demo City 19,376.04,11,0.0,26.81,Second Class
DEMO-01623,2023-10-24,2023-10-27,Furniture,Bookcases,Home Office,North,United Kingdom,Demo City 8,37.95,1,0.1,2.87,First Class
DEMO-01624,2023-06-02,2023-06-03,Furniture,Chairs,Corporate,West,Germany,Demo City 1,223.2,4,0.0,20.56,First Class
DEMO-01625,2023-01-21,2023-01-25,Office Supplies,Storage,Home Office,North,United Kingdom,Demo City 28,401.85,7,0.0,-19.88,First Class
DEMO-01626,2023-03-09,2023-03-13,Office Supplies,Paper,Home Office,West,Germany,Demo City 14,136.77,5,0.1,15.77,Second Class
DEMO-01627,2025-09-22,2025-09-26,Technology,Accessories,Home Office,North,United Kingdom,Demo City 16,115.6,10,0.3,-21.36,Second Class
DEMO-01628,2025-12-07,2025-12-08,Furniture,Bookcases,Consumer,East,India,Demo City 28,67.64,1,0.0,11.38,Second Class
DEMO-01629,2024-01-05,2024-01-11,Technology,Accessories,Consumer,East,India,Demo City 23,636.79,4,0.2,134.25,Second Class
DEMO-01630,2024-10-08,2024-10-12,Furniture,Chairs,Home Office,North,United Kingdom,Demo City 12,92.6,1,0.0,5.89,First Class
DEMO-01631,2025-06-20,2025-06-27,Office Supplies,Storage,Consumer,East,Japan,Demo City 26,168.74,3,0.1,6.17,First Class
DEMO-01632,2023-05-20,2023-05-23,Office Supplies,Storage,Corporate,East,India,Demo City 6,400.07,7,0.0,109.68,Standard Class
DEMO-01633,2023-12-02,2023-12-07,Furniture,Bookcases,Consumer,West,United States,Demo City 26,48.0,2,0.0,12.62,Standard Class
DEMO-01634,2025-02-05,2025-02-09,Office Supplies,Binders,Consumer,West,Germany,Demo City 6,83.42,5,0.0,19.93,First Class
DEMO-01635,2024-05-29,2024-06-01,Furniture,Tables,Corporate,West,United States,Demo City 15,299.51,5,0.2,56.85,Same Day
DEMO-01636,2023-03-28,2023-03-30,Office Supplies,Paper,Corporate,North,Canada,Demo City 23,83.67,1,0.0,10.61,Standard Class
DEMO-01637,2023-11-13,2023-11-19,Furniture,Chairs,Corporate,South,Brazil,Demo City 17,1470.06,6,0.0,148.8,Standard Class
DEMO-01638,2024-12-11,2024-12-15,Technology,Phones,Home Office,North,Canada,Demo City 1,1021.94,6,0.05,184.37,Standard Class
DEMO-01639,2024-11-02,2024-11-03,Office Supplies,Storage,Home Office,North,Canada,Demo City 24,245.18,7,0.05,81.73,Second Class
DEMO-01640,2024-05-05,2024-05-06,Technology,Phones,Corporate,West,Germany,Demo City 30,453.29,3,0.05,170.99,Same Day
DEMO-01641,2025-10-31,2025-11-03,Technology,Accessories,Home Office,North,United Kingdom,Demo City 1,386.34,6,0.05,38.19,First Class
DEMO-01642,2023-07-14,2023-07-20,Office Supplies,Paper,Consumer,West,United States,Demo City 27,1382.0,8,0.05,226.32,Same Day
DEMO-01643,2024-02-26,2024-03-02,Furniture,Chairs,Consumer,East,India,Demo City 25,574.75,7,0.1,25.83,First Class
DEMO-01644,2025-04-08,2025-04-12,Technology,Machines,Corporate,South,Australia,Demo City 23,207.44,8,0.1,-51.52,First Class
DEMO-01645,2023-10-31,2023-11-02,Furniture,Tables,Consumer,East,India,Demo City 19,1121.56,9,0.0,284.96,Standard Class
DEMO-01646,2023-06-28,2023-07-05,Technology,Phones,Consumer,South,Australia,Demo City 16,811.04,11,0.0,203.59,Same Day
DEMO-01647,2025-10-21,2025-10-26,Furniture,Chairs,Consumer,North,Canada,Demo City 11,232.65,9,0.0,-42.37,Second Class
DEMO-01648,2025-07-30,2025-08-01,Furniture,Tables,Corporate,East,India,Demo City 21,23.58,1,0.3,1.17,Standard Class
DEMO-01649,2025-02-09,2025-02-12,Technology,Accessories,Corporate,East,Japan,Demo City 20,179.86,7,0.1,10.58,Same Day
DEMO-01650,2023-01-31,2023-02-03,Office Supplies,Binders,Corporate,North,Canada,Demo City 9,451.23,7,0.3,-93.78,Second Class
DEMO-01651,2023-07-27,2023-08-03,Technology,Phones,Home Office,North,Canada,Demo City 29,1369.61,11,0.0,307.18,First Class
DEMO-01652,2023-10-29,2023-10-30,Office Supplies,Storage,Consumer,West,Germany,Demo City 24,304.55,9,0.1,91.55,Second Class
DEMO-01653,2025-09-07,2025-09-14,Furniture,Chairs,Home Office,North,United Kingdom,Demo City 6,179.95,6,0.2,16.06,First Class
DEMO-01654,2025-04-03,2025-04-08,Furniture,Tables,Home Office,North,Canada,Demo City 15,418.1,11,0.0,65.08,Standard Class
DEMO-01655,2024-04-13,2024-04-19,Furniture,Tables,Consumer,West,United States,Demo City 3,214.93,2,0.05,49.17,Standard Class
DEMO-01656,2023-04-27,2023-05-04,Office Supplies,Binders,Consumer,North,Canada,Demo City 30,610.53,9,0.5,-180.02,Standard Class
DEMO-01657,2023-06-03,2023-06-07,Office Supplies,Binders,Corporate,East,Japan,Demo City 30,220.32,3,0.1,5.13,Standard Class
DEMO-01658,2023-06-05,2023-06-06,Office Supplies,Storage,Consumer,West,United States,Demo City 23,961.59,8,0.0,125.87,Standard Class
DEMO-01659,2023-10-23,2023-10-29,Office Supplies,Storage,Home Office,West,Germany,Demo City 23,3473.13,10,0.2,-545.17,First Class
DEMO-01660,2024-04-26,2024-04-29,Office Supplies,Binders,Consumer,East,India,Demo City 19,229.3,9,0.1,3.57,Standard Class
DEMO-01661,2025-09-09,2025-09-12,Office Supplies,Paper,Consumer,North,Canada,Demo City 1,189.57,4,0.5,-52.44,First Class
DEMO-01662,2024-02-08,2024-02-15,Furniture,Tables,Home Office,East,Japan,Demo City 25,62.1,1,0.1,0.67,Standard Class
DEMO-01663,2024-11-22,2024-11-24,Office Supplies,Storage,Consumer,East,India,Demo City 10,386.49,9,0.3,-58.87,First Class
DEMO-01664,2025-03-08,2025-03-14,Technology,Phones,Home Office,South,Australia,Demo City 16,446.08,3,0.3,-62.86,Same Day
DEMO-01665,2023-04-23,2023-04-28,Office Supplies,Storage,Consumer,North,Canada,Demo City 1,36.05,1,0.3,0.57,Standard Class
DEMO-01666,2024-10-10,2024-10-12,Technology,Phones,Corporate,South,Brazil,Demo City 15,361.9,4,0.2,-51.82,Standard Class
DEMO-01667,2024-12-01,2024-12-03,Furniture,Bookcases,Consumer,North,United Kingdom,Demo City 3,644.84,9,0.0,80.47,Same Day
DEMO-01668,2023-05-13,2023-05-20,Office Supplies,Paper,Corporate,South,Australia,Demo City 13,139.3,3,0.1,25.17,Second Class
DEMO-01669,2024-06-07,2024-06-14,Technology,Machines,Corporate,South,Brazil,Demo City 28,1041.49,11,0.1,294.42,Second Class
DEMO-01670,2023-11-26,2023-11-29,Furniture,Bookcases,Consumer,East,Japan,Demo City 5,152.65,10,0.1,27.14,Same Day
DEMO-01671,2023-02-19,2023-02-26,Technology,Machines,Consumer,North,Canada,Demo City 6,315.59,5,0.3,-18.56,Same Day
DEMO-01672,2023-12-18,2023-12-20,Furniture,Bookcases,Corporate,North,Canada,Demo City 15,574.68,5,0.2,2.88,Standard Class
DEMO-01673,2023-11-10,2023-11-15,Technology,Phones,Consumer,West,Germany,Demo City 26,580.3,7,0.1,46.68,Standard Class
DEMO-01674,2025-02-08,2025-02-09,Technology,Machines,Consumer,East,Japan,Demo City 8,77.48,2,0.0,28.64,Second Class
DEMO-01675,2024-03-05,2024-03-08,Technology,Accessories,Consumer,East,India,Demo City 25,243.53,5,0.2,48.66,Second Class
DEMO-01676,2023-04-23,2023-04-27,Office Supplies,Paper,Home Office,North,United Kingdom,Demo City 28,181.55,5,0.3,0.43,Standard Class
DEMO-01677,2023-11-24,2023-11-26,Technology,Accessories,Corporate,West,Germany,Demo City 14,2426.08,10,0.1,-15.01,Standard Class
DEMO-01678,2023-01-29,2023-01-30,Office Supplies,Paper,Corporate,East,Japan,Demo City 5,247.95,10,0.05,76.08,Standard Class
DEMO-01679,2024-01-26,2024-02-01,Furniture,Chairs,Corporate,West,United States,Demo City 20,46.15,3,0.3,5.79,Standard Class
DEMO-01680,2024-09-25,2024-09-30,Technology,Machines,Home Office,West,United States,Demo City 1,298.72,4,0.0,19.31,First Class
DEMO-01681,2023-05-16,2023-05-21,Furniture,Bookcases,Corporate,North,United Kingdom,Demo City 4,393.15,3,0.0,165.38,Same Day
DEMO-01682,2023-06-20,2023-06-26,Furniture,Chairs,Home Office,North,Canada,Demo City 7,520.42,3,0.3,57.31,Second Class
DEMO-01683,2025-01-20,2025-01-21,Office Supplies,Binders,Home Office,West,United States,Demo City 5,170.79,2,0.5,-31.84,Same Day
DEMO-01684,2023-03-04,2023-03-05,Office Supplies,Paper,Home Office,South,Brazil,Demo City 26,215.98,4,0.05,41.85,Same Day
DEMO-01685,2023-04-26,2023-04-27,Office Supplies,Binders,Consumer,North,Canada,Demo City 9,1025.86,6,0.5,-321.41,Same Day
DEMO-01686,2023-10-21,2023-10-24,Furniture,Bookcases,Home Office,South,Brazil,Demo City 4,439.66,8,0.2,-2.44,Second Class
DEMO-01687,2025-06-25,2025-06-28,Technology,Phones,Home Office,North,Canada,Demo City 30,673.15,11,0.2,-51.19,Same Day
DEMO-01688,2025-02-11,2025-02-15,Furniture,Bookcases,Home Office,South,Brazil,Demo City 13,142.4,5,0.05,23.74,Second Class
DEMO-01689,2024-08-10,2024-08-15,Technology,Machines,Consumer,West,Germany,Demo City 18,456.35,8,0.1,18.59,Same Day
DEMO-01690,2025-11-28,2025-12-03,Office Supplies,Paper,Consumer,South,Australia,Demo City 30,116.18,4,0.3,-41.62,Second Class
DEMO-01691,2025-10-07,2025-10-10,Technology,Accessories,Consumer,North,Canada,Demo City 27,126.01,3,0.2,16.76,Same Day
DEMO-01692,2024-03-14,2024-03-21,Technology,Accessories,Consumer,South,Brazil,Demo City 30,232.74,7,0.2,41.79,First Class
DEMO-01693,2023-11-22,2023-11-27,Technology,Machines,Home Office,East,Japan,Demo City 18,3921.39,7,0.2,-151.87,Second Class
DEMO-01694,2025-07-28,2025-07-29,Technology,Accessories,Home Office,West,Germany,Demo City 15,554.32,6,0.0,154.06,Standard Class
DEMO-01695,2023-12-10,2023-12-16,Technology,Phones,Corporate,North,Canada,Demo City 14,156.99,3,0.3,-4.18,Standard Class
DEMO-01696,2025-12-27,2025-12-31,Technology,Accessories,Home Office,North,Canada,Demo City 15,369.0,9,0.2,-64.53,Second Class
DEMO-01697,2023-12-12,2023-12-16,Technology,Machines,Corporate,North,Canada,Demo City 12,500.68,5,0.05,169.15,Standard Class
DEMO-01698,2024-09-05,2024-09-08,Office Supplies,Storage,Corporate,East,India,Demo City 16,209.31,7,0.3,-8.58,Same Day
DEMO-01699,2023-06-25,2023-06-27,Furniture,Chairs,Corporate,East,India,Demo City 27,184.98,8,0.3,-50.46,Same Day
DEMO-01700,2023-08-18,2023-08-20,Office Supplies,Paper,Consumer,South,Australia,Demo City 11,147.97,4,0.1,-4.45,First Class
DEMO-01701,2023-05-21,2023-05-24,Technology,Machines,Consumer,South,Australia,Demo City 18,37.75,2,0.1,4.77,First Class
DEMO-01702,2024-12-29,2025-01-01,Technology,Accessories,Consumer,North,United Kingdom,Demo City 3,295.17,3,0.0,72.27,Standard Class
DEMO-01703,2023-01-19,2023-01-25,Technology,Accessories,Consumer,West,United States,Demo City 17,214.2,4,0.0,-17.81,Second Class
DEMO-01704,2024-07-17,2024-07-20,Office Supplies,Paper,Corporate,West,Germany,Demo City 9,201.42,2,0.0,16.24,Standard Class
DEMO-01705,2023-02-01,2023-02-03,Technology,Phones,Home Office,East,Japan,Demo City 20,20.38,3,0.2,1.6,First Class
DEMO-01706,2023-04-02,2023-04-09,Technology,Machines,Corporate,West,United States,Demo City 10,716.23,11,0.1,63.26,Second Class
DEMO-01707,2024-02-15,2024-02-18,Furniture,Tables,Home Office,South,Australia,Demo City 1,926.36,9,0.3,-41.93,First Class
DEMO-01708,2025-04-26,2025-05-03,Office Supplies,Paper,Home Office,East,Japan,Demo City 21,2503.32,7,0.2,-21.48,Second Class
DEMO-01709,2025-05-09,2025-05-10,Office Supplies,Binders,Consumer,North,United Kingdom,Demo City 5,220.61,7,0.2,3.02,Same Day
DEMO-01710,2023-08-20,2023-08-24,Office Supplies,Storage,Consumer,West,United States,Demo City 13,320.57,5,0.0,-9.25,Second Class
DEMO-01711,2025-02-03,2025-02-06,Technology,Machines,Home Office,East,India,Demo City 28,323.46,7,0.2,60.73,Second Class
DEMO-01712,2024-09-21,2024-09-27,Technology,Phones,Consumer,East,Japan,Demo City 10,1712.76,6,0.3,-179.65,First Class
DEMO-01713,2024-07-13,2024-07-18,Technology,Machines,Corporate,South,Brazil,Demo City 18,538.73,11,0.2,-39.13,Standard Class
DEMO-01714,2023-11-04,2023-11-09,Technology,Phones,Consumer,North,Canada,Demo City 18,194.18,7,0.1,25.36,First Class
DEMO-01715,2025-02-26,2025-03-04,Technology,Accessories,Consumer,North,United Kingdom,Demo City 1,668.34,5,0.0,52.23,First Class
DEMO-01716,2024-02-10,2024-02-17,Office Supplies,Binders,Consumer,East,India,Demo City 22,59.51,1,0.0,3.16,First Class
DEMO-01717,2024-06-23,2024-06-29,Office Supplies,Storage,Consumer,East,India,Demo City 1,491.53,8,0.1,55.01,Same Day
DEMO-01718,2025-05-15,2025-05-20,Technology,Phones,Corporate,West,United States,Demo City 20,965.7,11,0.05,198.26,First Class
DEMO-01719,2025-06-01,2025-06-07,Furniture,Tables,Home Office,South,Brazil,Demo City 11,24.72,1,0.0,3.49,Same Day
DEMO-01720,2025-09-13,2025-09-18,Office Supplies,Paper,Home Office,West,Germany,Demo City 1,239.0,5,0.1,-8.39,First Class
DEMO-01721,2023-12-09,2023-12-11,Furniture,Bookcases,Corporate,East,India,Demo City 18,273.53,2,0.2,12.88,Second Class
DEMO-01722,2025-11-16,2025-11-19,Furniture,Chairs,Corporate,South,Australia,Demo City 7,116.98,4,0.0,25.67,Same Day
DEMO-01723,2024-10-24,2024-10-25,Technology,Accessories,Corporate,South,Brazil,Demo City 12,249.99,10,0.1,16.02,Same Day
DEMO-01724,2024-12-14,2024-12-21,Office Supplies,Binders,Corporate,North,United Kingdom,Demo City 4,870.61,11,0.05,158.43,Second Class
DEMO-01725,2025-07-12,2025-07-14,Furniture,Tables,Corporate,North,United Kingdom,Demo City 21,867.63,3,0.2,138.32,Second Class
DEMO-01726,2025-09-14,2025-09-16,Furniture,Tables,Home Office,East,India,Demo City 17,259.34,7,0.5,-55.45,Same Day
DEMO-01727,2024-05-26,2024-05-29,Furniture,Bookcases,Corporate,West,Germany,Demo City 15,281.65,6,0.0,55.7,First Class
DEMO-01728,2023-04-12,2023-04-19,Furniture,Bookcases,Corporate,South,Brazil,Demo City 17,330.64,8,0.2,-5.51,Second Class
DEMO-01729,2024-02-06,2024-02-07,Office Supplies,Storage,Home Office,South,Australia,Demo City 15,278.75,5,0.2,-49.78,First Class
DEMO-01730,2024-04-23,2024-04-27,Office Supplies,Binders,Corporate,North,Canada,Demo City 21,158.53,7,0.05,24.07,Same Day
DEMO-01731,2023-12-10,2023-12-15,Office Supplies,Binders,Home Office,East,India,Demo City 29,395.22,6,0.05,116.86,First Class
DEMO-01732,2024-06-18,2024-06-21,Technology,Accessories,Home Office,East,Japan,Demo City 28,231.94,6,0.2,37.64,Same Day
DEMO-01733,2024-04-11,2024-04-17,Office Supplies,Storage,Home Office,West,United States,Demo City 22,129.66,4,0.2,-10.65,Standard Class
DEMO-01734,2024-07-24,2024-07-30,Office Supplies,Storage,Home Office,West,Germany,Demo City 11,332.85,5,0.3,2.82,First Class
DEMO-01735,2024-10-13,2024-10-15,Office Supplies,Binders,Home Office,North,Canada,Demo City 12,288.95,5,0.2,-11.13,Second Class
DEMO-01736,2023-09-18,2023-09-24,Furniture,Bookcases,Home Office,West,Germany,Demo City 4,1215.35,11,0.1,-12.14,Second Class
DEMO-01737,2024-05-16,2024-05-23,Technology,Machines,Home Office,North,Canada,Demo City 10,115.38,5,0.0,18.28,Same Day
DEMO-01738,2025-04-27,2025-04-30,Office Supplies,Binders,Consumer,East,India,Demo City 5,298.24,3,0.3,-39.7,Same Day
DEMO-01739,2025-07-08,2025-07-11,Office Supplies,Storage,Corporate,West,Germany,Demo City 22,134.61,3,0.2,24.74,Standard Class
DEMO-01740,2025-11-21,2025-11-26,Furniture,Chairs,Home Office,South,Australia,Demo City 30,1083.53,6,0.0,58.63,Standard Class
DEMO-01741,2024-03-05,2024-03-10,Technology,Phones,Home Office,North,United Kingdom,Demo City 10,293.09,10,0.3,-29.44,Second Class
DEMO-01742,2024-11-10,2024-11-13,Furniture,Tables,Corporate,West,Germany,Demo City 8,428.11,11,0.2,23.31,Same Day
DEMO-01743,2025-12-17,2025-12-20,Office Supplies,Paper,Corporate,East,India,Demo City 28,129.35,3,0.2,-0.49,First Class
DEMO-01744,2025-08-26,2025-08-30,Furniture,Bookcases,Corporate,East,India,Demo City 19,520.87,9,0.05,16.65,First Class
DEMO-01745,2024-07-14,2024-07-20,Office Supplies,Storage,Home Office,West,Germany,Demo City 17,97.11,4,0.3,2.53,Same Day
DEMO-01746,2023-06-08,2023-06-09,Office Supplies,Storage,Consumer,West,United States,Demo City 12,94.89,4,0.5,-19.38,Same Day
DEMO-01747,2024-01-23,2024-01-26,Furniture,Chairs,Consumer,West,Germany,Demo City 28,1325.12,10,0.05,157.53,Standard Class
DEMO-01748,2023-11-13,2023-11-18,Furniture,Tables,Home Office,North,United Kingdom,Demo City 14,146.17,3,0.2,-19.01,Same Day
DEMO-01749,2023-02-07,2023-02-11,Technology,Machines,Corporate,East,Japan,Demo City 3,1006.15,9,0.2,260.41,Second Class
DEMO-01750,2024-11-02,2024-11-05,Office Supplies,Storage,Home Office,South,Australia,Demo City 13,520.4,4,0.1,83.67,Second Class
DEMO-01751,2025-12-22,2025-12-27,Office Supplies,Binders,Consumer,North,Canada,Demo City 19,125.89,1,0.1,-44.25,Second Class
DEMO-01752,2024-06-10,2024-06-12,Technology,Accessories,Home Office,West,United States,Demo City 18,108.26,3,0.3,17.84,Same Day
DEMO-01753,2023-06-18,2023-06-23,Furniture,Bookcases,Home Office,West,United States,Demo City 8,420.63,4,0.2,29.82,Second Class
DEMO-01754,2024-08-14,2024-08-15,Furniture,Bookcases,Home Office,South,Brazil,Demo City 10,75.23,3,0.1,25.64,Second Class
DEMO-01755,2024-06-23,2024-06-30,Office Supplies,Storage,Consumer,South,Brazil,Demo City 2,95.73,4,0.1,14.11,First Class
DEMO-01756,2024-08-19,2024-08-23,Furniture,Chairs,Home Office,West,United States,Demo City 20,289.6,4,0.3,50.31,Second Class
DEMO-01757,2023-01-30,2023-02-01,Furniture,Bookcases,Corporate,East,India,Demo City 2,765.25,11,0.05,105.91,Same Day
DEMO-01758,2023-03-06,2023-03-12,Furniture,Tables,Consumer,East,Japan,Demo City 14,299.63,10,0.05,33.81,Second Class
DEMO-01759,2025-01-16,2025-01-22,Technology,Accessories,Home Office,West,Germany,Demo City 30,63.9,1,0.1,0.72,Same Day
DEMO-01760,2024-12-04,2024-12-07,Technology,Machines,Corporate,South,Australia,Demo City 19,791.8,7,0.3,-93.38,Same Day
DEMO-01761,2024-08-16,2024-08-20,Technology,Machines,Consumer,East,Japan,Demo City 9,372.11,9,0.3,88.65,Second Class
DEMO-01762,2025-03-31,2025-04-06,Office Supplies,Binders,Corporate,East,Japan,Demo City 25,477.42,9,0.1,-64.72,Second Class
DEMO-01763,2023-06-16,2023-06-22,Technology,Accessories,Home Office,West,Germany,Demo City 14,166.63,2,0.05,1.99,Same Day
DEMO-01764,2023-08-21,2023-08-26,Furniture,Tables,Corporate,West,United States,Demo City 19,131.23,9,0.0,33.3,Same Day
DEMO-01765,2023-06-01,2023-06-08,Office Supplies,Paper,Consumer,West,United States,Demo City 29,870.06,9,0.3,-6.24,Standard Class
DEMO-01766,2023-11-17,2023-11-20,Technology,Accessories,Home Office,West,Germany,Demo City 4,314.71,6,0.0,29.86,First Class
DEMO-01767,2023-09-12,2023-09-19,Office Supplies,Paper,Corporate,East,Japan,Demo City 19,151.08,1,0.1,42.76,Same Day
DEMO-01768,2024-10-22,2024-10-24,Office Supplies,Binders,Home Office,North,United Kingdom,Demo City 18,9.7,4,0.2,1.5,Standard Class
DEMO-01769,2025-11-12,2025-11-13,Technology,Accessories,Consumer,North,Canada,Demo City 7,77.15,5,0.3,-1.69,Standard Class
DEMO-01770,2023-04-20,2023-04-23,Furniture,Chairs,Consumer,West,Germany,Demo City 2,32.16,3,0.05,-0.41,Second Class
DEMO-01771,2025-05-25,2025-06-01,Technology,Machines,Consumer,East,India,Demo City 25,148.75,3,0.2,17.12,Second Class
DEMO-01772,2025-03-04,2025-03-05,Office Supplies,Binders,Home Office,South,Australia,Demo City 28,1710.52,10,0.1,361.35,First Class
DEMO-01773,2025-10-30,2025-11-05,Office Supplies,Binders,Home Office,West,United States,Demo City 4,700.01,10,0.2,60.22,Same Day
DEMO-01774,2025-01-01,2025-01-04,Technology,Machines,Corporate,South,Australia,Demo City 6,638.88,8,0.2,22.11,Standard Class
DEMO-01775,2024-01-28,2024-01-29,Office Supplies,Binders,Corporate,East,India,Demo City 7,504.14,8,0.1,104.83,Second Class
DEMO-01776,2023-07-07,2023-07-10,Furniture,Bookcases,Consumer,West,United States,Demo City 4,257.26,5,0.1,26.63,First Class
DEMO-01777,2024-08-12,2024-08-16,Furniture,Bookcases,Consumer,West,Germany,Demo City 7,295.61,8,0.2,-15.78,Same Day
DEMO-01778,2023-08-14,2023-08-18,Office Supplies,Storage,Home Office,South,Australia,Demo City 14,324.99,5,0.0,46.56,Standard Class
DEMO-01779,2025-10-17,2025-10-22,Technology,Machines,Home Office,East,India,Demo City 12,495.94,8,0.2,2.39,Second Class
DEMO-01780,2025-11-24,2025-11-26,Office Supplies,Binders,Consumer,South,Australia,Demo City 2,223.13,7,0.05,67.17,First Class
DEMO-01781,2024-08-14,2024-08-20,Office Supplies,Storage,Corporate,North,United Kingdom,Demo City 28,18.79,1,0.0,2.36,Second Class
DEMO-01782,2025-09-29,2025-10-02,Technology,Accessories,Consumer,East,Japan,Demo City 10,222.36,4,0.1,32.93,Same Day
DEMO-01783,2025-08-23,2025-08-24,Office Supplies,Paper,Home Office,West,United States,Demo City 19,450.66,10,0.0,94.95,Same Day
DEMO-01784,2025-10-19,2025-10-21,Furniture,Chairs,Home Office,North,United Kingdom,Demo City 12,218.56,11,0.0,48.56,First Class
DEMO-01785,2024-12-13,2024-12-20,Furniture,Bookcases,Corporate,South,Australia,Demo City 27,555.43,9,0.3,23.91,Second Class
DEMO-01786,2023-07-01,2023-07-06,Office Supplies,Paper,Home Office,West,Germany,Demo City 3,34.76,2,0.0,7.03,Second Class
DEMO-01787,2024-01-26,2024-01-31,Office Supplies,Storage,Corporate,East,Japan,Demo City 13,66.1,5,0.2,7.56,Second Class
DEMO-01788,2024-10-12,2024-10-19,Office Supplies,Storage,Home Office,South,Australia,Demo City 30,28.74,1,0.2,2.63,Standard Class
DEMO-01789,2025-01-09,2025-01-11,Furniture,Bookcases,Home Office,East,Japan,Demo City 11,37.53,2,0.0,6.81,First Class
DEMO-01790,2023-09-14,2023-09-19,Technology,Phones,Corporate,West,United States,Demo City 5,472.32,10,0.05,72.23,Standard Class
DEMO-01791,2023-10-14,2023-10-20,Technology,Accessories,Corporate,North,United Kingdom,Demo City 15,95.65,9,0.0,-8.84,Standard Class
DEMO-01792,2025-05-28,2025-06-01,Technology,Machines,Consumer,West,Germany,Demo City 15,142.57,7,0.1,-7.78,Standard Class
DEMO-01793,2023-05-21,2023-05-28,Office Supplies,Binders,Consumer,South,Brazil,Demo City 30,571.24,8,0.05,149.83,Same Day
DEMO-01794,2025-09-16,2025-09-21,Office Supplies,Paper,Consumer,North,United Kingdom,Demo City 25,1243.25,8,0.05,-137.61,Standard Class
DEMO-01795,2023-01-04,2023-01-10,Technology,Machines,Home Office,East,Japan,Demo City 1,112.7,4,0.2,-14.48,Same Day
DEMO-01796,2023-05-10,2023-05-12,Furniture,Bookcases,Corporate,North,United Kingdom,Demo City 10,1064.58,7,0.2,104.1,Second Class
DEMO-01797,2025-10-18,2025-10-23,Office Supplies,Binders,Consumer,East,Japan,Demo City 20,331.19,7,0.2,32.54,Standard Class
DEMO-01798,2024-04-19,2024-04-20,Furniture,Chairs,Corporate,South,Australia,Demo City 2,649.18,11,0.05,79.92,Same Day
DEMO-01799,2025-02-14,2025-02-19,Furniture,Chairs,Home Office,South,Brazil,Demo City 22,273.74,10,0.0,43.26,Second Class
DEMO-01800,2025-05-21,2025-05-22,Technology,Machines,Home Office,East,India,Demo City 2,215.57,8,0.0,21.92,First Class
DEMO-01801,2023-07-29,2023-07-31,Furniture,Tables,Corporate,West,United States,Demo City 2,519.36,10,0.05,-36.18,Same Day
DEMO-01802,2025-07-04,2025-07-09,Technology,Accessories,Home Office,North,United Kingdom,Demo City 14,405.6,11,0.1,141.94,Standard Class
DEMO-01803,2025-01-18,2025-01-23,Furniture,Bookcases,Corporate,East,Japan,Demo City 4,744.49,11,0.5,-82.17,First Class
DEMO-01804,2023-11-23,2023-11-26,Technology,Accessories,Consumer,East,India,Demo City 16,18.61,1,0.0,6.55,Same Day
DEMO-01805,2024-12-05,2024-12-07,Technology,Phones,Consumer,West,Germany,Demo City 9,283.34,7,0.3,27.76,Standard Class
DEMO-01806,2024-10-18,2024-10-25,Office Supplies,Binders,Home Office,East,India,Demo City 25,701.08,4,0.3,57.92,Same Day
DEMO-01807,2025-12-26,2025-12-30,Office Supplies,Storage,Corporate,West,United States,Demo City 16,513.58,11,0.2,67.46,Standard Class
DEMO-01808,2025-05-12,2025-05-18,Technology,Accessories,Corporate,North,Canada,Demo City 21,25.47,1,0.05,2.88,First Class
DEMO-01809,2025-02-01,2025-02-08,Office Supplies,Storage,Home Office,North,Canada,Demo City 1,387.47,10,0.0,78.21,Same Day
DEMO-01810,2025-11-16,2025-11-23,Furniture,Chairs,Home Office,East,India,Demo City 18,244.86,6,0.2,19.67,Second Class
DEMO-01811,2025-07-28,2025-07-29,Office Supplies,Binders,Consumer,North,Canada,Demo City 30,1078.42,3,0.1,73.58,Second Class
DEMO-01812,2024-05-25,2024-05-28,Office Supplies,Paper,Home Office,West,United States,Demo City 5,126.48,4,0.1,2.11,Second Class
DEMO-01813,2023-09-23,2023-09-30,Technology,Phones,Consumer,East,India,Demo City 3,835.37,5,0.3,-33.0,First Class
DEMO-01814,2025-09-20,2025-09-27,Furniture,Tables,Corporate,North,United Kingdom,Demo City 6,39.63,4,0.1,13.09,Same Day
DEMO-01815,2025-03-17,2025-03-24,Office Supplies,Storage,Consumer,West,Germany,Demo City 11,304.33,10,0.0,114.01,Second Class
DEMO-01816,2024-11-01,2024-11-06,Furniture,Tables,Corporate,South,Australia,Demo City 16,113.0,4,0.3,-18.8,Standard Class
DEMO-01817,2023-05-08,2023-05-10,Technology,Accessories,Home Office,East,Japan,Demo City 26,36.8,6,0.5,7.33,First Class
DEMO-01818,2025-01-22,2025-01-28,Technology,Machines,Consumer,East,Japan,Demo City 17,475.83,6,0.0,42.05,First Class
DEMO-01819,2023-04-27,2023-05-03,Office Supplies,Binders,Corporate,East,Japan,Demo City 13,301.81,7,0.05,54.09,First Class
DEMO-01820,2025-12-17,2025-12-22,Technology,Accessories,Corporate,North,Canada,Demo City 21,121.7,11,0.05,16.0,Standard Class
DEMO-01821,2025-12-29,2026-01-01,Office Supplies,Paper,Corporate,South,Australia,Demo City 25,137.44,7,0.0,50.69,Second Class
DEMO-01822,2024-12-07,2024-12-11,Furniture,Chairs,Consumer,East,India,Demo City 29,230.15,6,0.2,5.03,Same Day
DEMO-01823,2023-12-14,2023-12-18,Office Supplies,Binders,Home Office,North,Canada,Demo City 10,248.0,3,0.1,54.3,Standard Class
DEMO-01824,2024-05-27,2024-06-02,Office Supplies,Binders,Corporate,East,India,Demo City 12,328.64,8,0.0,114.1,Same Day
DEMO-01825,2024-06-13,2024-06-14,Office Supplies,Storage,Home Office,North,United Kingdom,Demo City 10,818.67,7,0.2,60.56,Standard Class
DEMO-01826,2023-06-07,2023-06-11,Office Supplies,Storage,Home Office,West,United States,Demo City 4,1332.41,8,0.0,62.56,First Class
DEMO-01827,2024-05-09,2024-05-12,Furniture,Tables,Corporate,East,India,Demo City 20,29.63,1,0.0,1.53,First Class
DEMO-01828,2025-03-09,2025-03-10,Office Supplies,Binders,Corporate,North,United Kingdom,Demo City 30,171.43,7,0.3,7.1,First Class
DEMO-01829,2025-08-19,2025-08-24,Office Supplies,Paper,Consumer,North,United Kingdom,Demo City 23,71.2,4,0.3,-14.08,First Class
DEMO-01830,2025-04-16,2025-04-18,Office Supplies,Storage,Consumer,East,India,Demo City 24,8.48,2,0.3,2.57,First Class
DEMO-01831,2024-09-10,2024-09-16,Technology,Accessories,Corporate,East,India,Demo City 5,167.89,4,0.2,31.51,First Class
DEMO-01832,2024-02-17,2024-02-21,Office Supplies,Binders,Home Office,West,United States,Demo City 27,422.75,6,0.3,23.86,Same Day
DEMO-01833,2024-07-14,2024-07-20,Furniture,Chairs,Consumer,North,Canada,Demo City 28,172.29,4,0.05,0.32,Same Day
DEMO-01834,2025-01-09,2025-01-11,Furniture,Bookcases,Home Office,North,Canada,Demo City 24,215.2,5,0.05,85.03,Standard Class
DEMO-01835,2024-05-10,2024-05-14,Office Supplies,Paper,Consumer,South,Australia,Demo City 24,153.69,3,0.05,12.03,Same Day
DEMO-01836,2025-07-09,2025-07-13,Office Supplies,Storage,Corporate,North,Canada,Demo City 21,180.28,9,0.0,31.52,First Class
DEMO-01837,2023-03-02,2023-03-06,Office Supplies,Binders,Corporate,West,Germany,Demo City 2,180.66,2,0.1,17.99,Same Day
DEMO-01838,2025-05-15,2025-05-19,Technology,Accessories,Consumer,West,Germany,Demo City 6,495.86,10,0.3,0.51,Same Day
DEMO-01839,2025-01-17,2025-01-22,Office Supplies,Paper,Home Office,East,India,Demo City 26,24.01,1,0.2,-1.2,First Class
DEMO-01840,2024-11-09,2024-11-16,Technology,Accessories,Consumer,North,United Kingdom,Demo City 6,178.89,7,0.0,30.51,Standard Class
DEMO-01841,2025-06-30,2025-07-01,Furniture,Tables,Corporate,South,Australia,Demo City 18,502.98,9,0.3,-105.29,Second Class
DEMO-01842,2024-02-16,2024-02-20,Furniture,Chairs,Home Office,West,United States,Demo City 27,1421.0,6,0.2,166.67,Second Class
DEMO-01843,2023-02-01,2023-02-06,Office Supplies,Paper,Consumer,East,Japan,Demo City 30,342.94,10,0.0,55.19,First Class
DEMO-01844,2024-11-30,2024-12-01,Technology,Phones,Consumer,North,Canada,Demo City 24,20.57,1,0.1,4.38,Standard Class
DEMO-01845,2025-08-29,2025-09-03,Office Supplies,Storage,Consumer,South,Australia,Demo City 13,23.33,3,0.0,8.66,Same Day
DEMO-01846,2024-11-10,2024-11-12,Furniture,Chairs,Home Office,East,Japan,Demo City 6,108.37,7,0.0,22.99,Second Class
DEMO-01847,2024-07-19,2024-07-23,Office Supplies,Paper,Consumer,North,United Kingdom,Demo City 22,62.22,2,0.0,10.74,First Class
DEMO-01848,2023-10-27,2023-11-03,Furniture,Tables,Corporate,West,United States,Demo City 6,205.16,10,0.1,-5.81,Standard Class
DEMO-01849,2025-04-10,2025-04-16,Office Supplies,Binders,Home Office,West,United States,Demo City 1,30.7,1,0.2,5.79,First Class
DEMO-01850,2024-12-08,2024-12-10,Technology,Accessories,Home Office,West,United States,Demo City 27,3269.44,10,0.1,853.59,Second Class
DEMO-01851,2024-10-29,2024-11-04,Furniture,Bookcases,Corporate,West,United States,Demo City 7,72.82,1,0.0,7.16,Standard Class
DEMO-01852,2023-01-12,2023-01-15,Office Supplies,Storage,Corporate,South,Australia,Demo City 21,206.31,4,0.2,58.6,Second Class
DEMO-01853,2025-01-13,2025-01-19,Furniture,Chairs,Consumer,South,Brazil,Demo City 13,195.87,7,0.1,66.5,Same Day
DEMO-01854,2023-01-25,2023-01-26,Furniture,Chairs,Home Office,South,Australia,Demo City 13,256.15,6,0.2,49.1,Second Class
DEMO-01855,2024-12-18,2024-12-24,Office Supplies,Binders,Consumer,West,Germany,Demo City 19,389.4,6,0.1,-14.32,Same Day
DEMO-01856,2023-01-05,2023-01-09,Furniture,Chairs,Home Office,North,Canada,Demo City 3,200.15,6,0.0,51.59,First Class
DEMO-01857,2024-01-16,2024-01-22,Office Supplies,Paper,Corporate,North,Canada,Demo City 6,348.08,9,0.1,114.99,Same Day
DEMO-01858,2025-08-11,2025-08-13,Furniture,Bookcases,Consumer,East,India,Demo City 15,1087.25,6,0.05,-49.18,Same Day
DEMO-01859,2024-01-02,2024-01-06,Office Supplies,Paper,Home Office,South,Brazil,Demo City 30,259.65,3,0.0,26.1,Same Day
DEMO-01860,2024-10-14,2024-10-18,Technology,Machines,Home Office,South,Australia,Demo City 25,161.23,9,0.5,-41.65,Standard Class
DEMO-01861,2023-11-12,2023-11-13,Furniture,Tables,Home Office,East,Japan,Demo City 10,153.01,4,0.1,6.22,Same Day
DEMO-01862,2025-08-30,2025-09-03,Office Supplies,Paper,Home Office,East,Japan,Demo City 20,2777.65,10,0.3,-676.52,Same Day
DEMO-01863,2025-10-11,2025-10-14,Technology,Machines,Home Office,North,United Kingdom,Demo City 7,116.94,2,0.05,3.69,Second Class
DEMO-01864,2025-09-14,2025-09-17,Office Supplies,Paper,Home Office,North,Canada,Demo City 20,817.82,4,0.3,-112.19,Second Class
DEMO-01865,2025-09-20,2025-09-24,Technology,Machines,Home Office,South,Australia,Demo City 24,45.31,2,0.05,5.74,Second Class
DEMO-01866,2025-11-05,2025-11-11,Technology,Phones,Home Office,West,United States,Demo City 27,148.34,1,0.05,29.88,Same Day
DEMO-01867,2024-01-31,2024-02-07,Furniture,Bookcases,Corporate,East,India,Demo City 22,179.63,3,0.1,46.66,Standard Class
DEMO-01868,2024-12-07,2024-12-10,Office Supplies,Storage,Home Office,North,United Kingdom,Demo City 24,108.79,10,0.0,24.6,Second Class
DEMO-01869,2024-04-18,2024-04-19,Technology,Machines,Corporate,West,United States,Demo City 8,136.14,2,0.1,19.65,First Class
DEMO-01870,2023-03-21,2023-03-28,Office Supplies,Storage,Home Office,West,United States,Demo City 4,379.66,10,0.3,32.54,Same Day
DEMO-01871,2025-01-20,2025-01-24,Furniture,Bookcases,Consumer,West,Germany,Demo City 20,885.66,10,0.0,25.09,First Class
DEMO-01872,2024-11-23,2024-11-24,Technology,Machines,Home Office,East,Japan,Demo City 28,541.17,10,0.3,-68.0,Standard Class
DEMO-01873,2025-04-22,2025-04-27,Office Supplies,Storage,Consumer,East,India,Demo City 24,71.68,7,0.2,15.19,Second Class
DEMO-01874,2025-07-04,2025-07-06,Furniture,Tables,Home Office,East,Japan,Demo City 4,377.7,4,0.2,57.9,Standard Class
DEMO-01875,2024-09-02,2024-09-07,Technology,Phones,Home Office,East,India,Demo City 29,635.88,4,0.2,60.27,First Class
DEMO-01876,2024-06-24,2024-06-30,Office Supplies,Binders,Consumer,East,Japan,Demo City 21,422.59,10,0.0,64.53,Second Class
DEMO-01877,2025-06-30,2025-07-02,Technology,Machines,Corporate,East,India,Demo City 28,434.55,6,0.0,197.1,Same Day
DEMO-01878,2025-02-02,2025-02-06,Furniture,Chairs,Corporate,West,Germany,Demo City 10,29.22,1,0.1,0.15,Second Class
DEMO-01879,2024-06-28,2024-07-04,Technology,Machines,Consumer,East,India,Demo City 25,25.8,2,0.2,-0.05,Standard Class
DEMO-01880,2024-11-05,2024-11-09,Technology,Phones,Corporate,South,Brazil,Demo City 21,616.98,9,0.0,111.51,Standard Class
DEMO-01881,2024-12-14,2024-12-15,Office Supplies,Paper,Corporate,North,Canada,Demo City 15,1038.92,9,0.1,149.96,Second Class
DEMO-01882,2024-09-08,2024-09-09,Technology,Phones,Home Office,North,Canada,Demo City 5,263.83,11,0.5,-7.2,Same Day
DEMO-01883,2023-09-27,2023-10-02,Office Supplies,Paper,Consumer,North,United Kingdom,Demo City 24,474.44,7,0.2,94.36,Standard Class
DEMO-01884,2023-09-14,2023-09-16,Office Supplies,Paper,Corporate,North,Canada,Demo City 15,433.04,9,0.05,26.99,Standard Class
DEMO-01885,2025-08-13,2025-08-14,Technology,Machines,Home Office,East,India,Demo City 29,214.72,5,0.2,-19.93,Second Class
DEMO-01886,2025-01-01,2025-01-07,Furniture,Bookcases,Corporate,North,Canada,Demo City 11,715.75,7,0.0,187.99,Same Day
DEMO-01887,2023-09-22,2023-09-23,Furniture,Chairs,Consumer,South,Brazil,Demo City 24,14.79,1,0.3,-0.78,Second Class
DEMO-01888,2024-05-06,2024-05-08,Office Supplies,Binders,Corporate,South,Australia,Demo City 9,106.87,7,0.2,19.25,Standard Class
DEMO-01889,2023-11-16,2023-11-21,Office Supplies,Binders,Home Office,South,Australia,Demo City 16,1035.11,7,0.2,0.62,Second Class
DEMO-01890,2023-12-01,2023-12-03,Office Supplies,Binders,Corporate,West,United States,Demo City 27,2865.25,9,0.0,426.51,Second Class
DEMO-01891,2025-01-11,2025-01-16,Technology,Machines,Corporate,West,Germany,Demo City 13,89.82,1,0.1,12.78,First Class
DEMO-01892,2024-04-14,2024-04-19,Technology,Machines,Home Office,South,Australia,Demo City 7,189.51,4,0.2,5.88,Second Class
DEMO-01893,2024-02-09,2024-02-15,Furniture,Chairs,Consumer,East,Japan,Demo City 20,91.61,1,0.3,18.24,First Class
DEMO-01894,2023-03-08,2023-03-14,Office Supplies,Storage,Consumer,West,United States,Demo City 10,60.11,1,0.5,-13.2,First Class
DEMO-01895,2024-06-23,2024-06-28,Office Supplies,Paper,Consumer,North,Canada,Demo City 9,818.8,9,0.0,230.7,Standard Class
DEMO-01896,2024-05-31,2024-06-02,Office Supplies,Binders,Consumer,North,Canada,Demo City 14,1585.49,4,0.3,0.41,Second Class
DEMO-01897,2023-02-25,2023-02-26,Furniture,Chairs,Home Office,North,United Kingdom,Demo City 30,19.1,1,0.0,3.47,First Class
DEMO-01898,2025-09-06,2025-09-12,Office Supplies,Storage,Consumer,West,United States,Demo City 23,601.0,3,0.2,-70.07,Same Day
DEMO-01899,2025-10-29,2025-11-04,Technology,Accessories,Corporate,West,United States,Demo City 29,180.19,3,0.0,19.19,First Class
DEMO-01900,2024-07-24,2024-07-25,Office Supplies,Storage,Consumer,North,United Kingdom,Demo City 19,490.7,8,0.1,126.26,Standard Class
DEMO-01901,2023-09-17,2023-09-19,Technology,Accessories,Home Office,West,United States,Demo City 16,59.55,2,0.0,23.46,Second Class
DEMO-01902,2024-07-25,2024-07-28,Technology,Accessories,Home Office,West,Germany,Demo City 10,815.88,8,0.05,33.36,Second Class
DEMO-01903,2025-10-11,2025-10-17,Office Supplies,Paper,Corporate,East,India,Demo City 14,162.89,9,0.0,5.65,Second Class
DEMO-01904,2023-12-06,2023-12-11,Technology,Machines,Consumer,North,United Kingdom,Demo City 13,367.84,11,0.05,30.2,Same Day
DEMO-01905,2023-09-28,2023-10-03,Furniture,Tables,Consumer,East,India,Demo City 2,15.98,1,0.1,1.71,Same Day
DEMO-01906,2025-12-18,2025-12-22,Furniture,Tables,Home Office,East,India,Demo City 3,92.74,3,0.5,-17.96,Second Class
DEMO-01907,2025-12-07,2025-12-14,Technology,Phones,Home Office,South,Brazil,Demo City 3,348.76,6,0.05,18.7,Standard Class
DEMO-01908,2025-09-06,2025-09-12,Office Supplies,Storage,Corporate,South,Australia,Demo City 28,34.25,1,0.05,2.51,First Class
DEMO-01909,2025-08-03,2025-08-06,Technology,Accessories,Consumer,West,United States,Demo City 4,600.97,8,0.3,47.27,Same Day
DEMO-01910,2025-12-17,2025-12-24,Furniture,Bookcases,Consumer,North,United Kingdom,Demo City 7,1097.56,11,0.05,288.51,Second Class
DEMO-01911,2024-12-20,2024-12-21,Furniture,Bookcases,Corporate,West,Germany,Demo City 1,256.33,4,0.05,52.43,Standard Class
DEMO-01912,2023-02-12,2023-02-18,Furniture,Bookcases,Corporate,North,United Kingdom,Demo City 11,1199.56,7,0.0,228.4,Standard Class
DEMO-01913,2024-10-09,2024-10-12,Technology,Phones,Corporate,West,United States,Demo City 2,702.47,10,0.05,85.41,Standard Class
DEMO-01914,2023-06-02,2023-06-05,Furniture,Chairs,Consumer,East,India,Demo City 2,59.99,7,0.3,-6.52,Same Day
DEMO-01915,2025-06-27,2025-07-01,Office Supplies,Storage,Home Office,East,India,Demo City 6,1403.1,9,0.2,92.63,Second Class
DEMO-01916,2024-05-28,2024-06-01,Technology,Machines,Corporate,North,United Kingdom,Demo City 3,223.56,8,0.0,45.43,Same Day
DEMO-01917,2025-12-15,2025-12-22,Furniture,Bookcases,Home Office,East,India,Demo City 19,31.18,1,0.2,4.05,Standard Class
DEMO-01918,2025-07-20,2025-07-23,Technology,Machines,Home Office,South,Brazil,Demo City 4,83.81,4,0.1,22.48,First Class
DEMO-01919,2024-03-09,2024-03-16,Furniture,Tables,Consumer,South,Brazil,Demo City 10,393.84,10,0.05,-5.93,Second Class
DEMO-01920,2025-01-28,2025-02-03,Furniture,Tables,Corporate,East,India,Demo City 19,1658.21,10,0.0,-7.65,Second Class
DEMO-01921,2023-08-01,2023-08-07,Office Supplies,Paper,Consumer,South,Brazil,Demo City 18,504.65,8,0.1,94.8,Same Day
DEMO-01922,2024-12-17,2024-12-22,Technology,Accessories,Home Office,North,Canada,Demo City 6,32.71,2,0.0,6.69,First Class
DEMO-01923,2023-12-27,2023-12-28,Furniture,Chairs,Consumer,East,India,Demo City 2,963.42,4,0.3,73.18,First Class
DEMO-01924,2024-01-26,2024-01-29,Office Supplies,Paper,Home Office,North,Canada,Demo City 12,253.8,2,0.3,-81.06,First Class
DEMO-01925,2023-03-24,2023-03-30,Office Supplies,Paper,Consumer,North,Canada,Demo City 15,1059.48,10,0.1,176.54,Second Class
DEMO-01926,2025-07-15,2025-07-17,Office Supplies,Storage,Home Office,North,United Kingdom,Demo City 13,179.27,7,0.5,-44.98,Same Day
DEMO-01927,2025-08-20,2025-08-27,Furniture,Bookcases,Corporate,East,India,Demo City 21,35.04,2,0.05,10.99,Standard Class
DEMO-01928,2024-10-29,2024-10-30,Furniture,Tables,Corporate,South,Brazil,Demo City 21,124.35,7,0.1,14.47,Second Class
DEMO-01929,2024-01-23,2024-01-27,Technology,Accessories,Consumer,North,Canada,Demo City 6,592.89,7,0.2,55.46,Same Day
DEMO-01930,2024-10-09,2024-10-13,Technology,Machines,Consumer,West,United States,Demo City 3,112.61,2,0.3,-7.56,First Class
DEMO-01931,2025-07-20,2025-07-26,Office Supplies,Storage,Consumer,West,Germany,Demo City 13,147.37,5,0.1,7.46,First Class
DEMO-01932,2024-04-13,2024-04-18,Office Supplies,Storage,Corporate,South,Australia,Demo City 30,772.61,9,0.2,34.4,First Class
DEMO-01933,2024-11-03,2024-11-04,Furniture,Tables,Home Office,East,Japan,Demo City 2,1014.68,10,0.0,327.77,First Class
DEMO-01934,2025-02-23,2025-02-26,Furniture,Tables,Consumer,West,Germany,Demo City 21,1010.16,7,0.3,-43.79,Second Class
DEMO-01935,2024-09-19,2024-09-26,Office Supplies,Paper,Consumer,West,Germany,Demo City 2,192.96,4,0.2,18.91,First Class
DEMO-01936,2023-04-04,2023-04-10,Technology,Phones,Corporate,South,Australia,Demo City 18,8.93,1,0.0,0.98,Standard Class
DEMO-01937,2025-03-03,2025-03-07,Furniture,Chairs,Corporate,South,Australia,Demo City 21,53.33,2,0.2,2.45,First Class
DEMO-01938,2024-02-16,2024-02-18,Office Supplies,Binders,Consumer,North,United Kingdom,Demo City 25,11.25,1,0.05,2.14,First Class
DEMO-01939,2025-10-30,2025-11-01,Office Supplies,Paper,Corporate,North,United Kingdom,Demo City 17,1379.39,7,0.1,186.87,Standard Class
DEMO-01940,2025-07-12,2025-07-19,Furniture,Bookcases,Consumer,South,Brazil,Demo City 5,1183.72,6,0.0,212.54,Standard Class
DEMO-01941,2023-10-18,2023-10-19,Office Supplies,Binders,Corporate,South,Brazil,Demo City 20,378.75,10,0.1,-49.88,Second Class
DEMO-01942,2024-01-11,2024-01-12,Office Supplies,Binders,Home Office,East,Japan,Demo City 22,494.31,9,0.05,87.61,Same Day
DEMO-01943,2023-05-28,2023-05-29,Office Supplies,Binders,Corporate,West,United States,Demo City 13,190.62,8,0.0,30.37,Second Class
DEMO-01944,2023-12-22,2023-12-27,Furniture,Tables,Consumer,North,Canada,Demo City 23,449.74,10,0.0,103.54,First Class
DEMO-01945,2024-08-08,2024-08-10,Technology,Phones,Home Office,West,Germany,Demo City 27,787.53,10,0.05,225.59,First Class
DEMO-01946,2023-06-21,2023-06-23,Furniture,Tables,Home Office,West,United States,Demo City 9,377.03,11,0.1,29.69,First Class
DEMO-01947,2025-07-26,2025-07-31,Furniture,Chairs,Corporate,West,United States,Demo City 8,115.48,3,0.05,11.65,Standard Class
DEMO-01948,2024-02-09,2024-02-14,Technology,Phones,Corporate,North,United Kingdom,Demo City 17,62.08,9,0.0,19.91,Standard Class
DEMO-01949,2025-08-16,2025-08-18,Technology,Phones,Home Office,West,United States,Demo City 21,40.04,2,0.05,0.28,Standard Class
DEMO-01950,2025-09-19,2025-09-26,Office Supplies,Binders,Consumer,North,United Kingdom,Demo City 11,253.71,5,0.2,10.62,First Class
DEMO-01951,2025-04-07,2025-04-12,Technology,Machines,Consumer,North,Canada,Demo City 12,366.35,11,0.3,48.87,First Class
DEMO-01952,2024-12-25,2024-12-29,Technology,Accessories,Home Office,West,Germany,Demo City 29,512.53,4,0.0,109.01,First Class
DEMO-01953,2023-03-14,2023-03-21,Office Supplies,Binders,Consumer,South,Brazil,Demo City 4,11.32,2,0.3,-1.64,Same Day
DEMO-01954,2023-07-01,2023-07-08,Office Supplies,Paper,Home Office,West,United States,Demo City 9,234.04,11,0.0,49.73,Second Class
DEMO-01955,2025-04-30,2025-05-03,Technology,Machines,Home Office,East,India,Demo City 16,47.47,2,0.2,-2.12,Standard Class
DEMO-01956,2024-09-02,2024-09-03,Technology,Accessories,Consumer,South,Australia,Demo City 12,283.06,7,0.1,72.29,First Class
DEMO-01957,2023-05-14,2023-05-18,Technology,Phones,Corporate,East,India,Demo City 20,128.97,6,0.05,31.72,Second Class
DEMO-01958,2023-10-10,2023-10-13,Office Supplies,Paper,Home Office,South,Australia,Demo City 20,299.15,4,0.0,39.81,Second Class
DEMO-01959,2025-12-28,2026-01-01,Furniture,Chairs,Home Office,East,Japan,Demo City 20,215.93,5,0.05,63.04,Same Day
DEMO-01960,2023-07-25,2023-07-26,Furniture,Chairs,Home Office,North,United Kingdom,Demo City 4,862.06,8,0.0,249.93,First Class
DEMO-01961,2023-06-27,2023-07-01,Technology,Machines,Consumer,South,Australia,Demo City 11,8.36,1,0.1,2.34,Same Day
DEMO-01962,2025-03-04,2025-03-11,Furniture,Chairs,Consumer,South,Australia,Demo City 28,103.53,6,0.2,7.59,Second Class
DEMO-01963,2024-11-17,2024-11-23,Office Supplies,Binders,Corporate,East,India,Demo City 8,46.23,1,0.2,5.3,Second Class
DEMO-01964,2024-05-01,2024-05-02,Furniture,Tables,Consumer,West,Germany,Demo City 29,217.66,9,0.3,6.69,First Class
DEMO-01965,2024-04-29,2024-05-03,Technology,Phones,Corporate,East,Japan,Demo City 21,111.21,4,0.5,-11.51,Standard Class
DEMO-01966,2024-11-20,2024-11-23,Office Supplies,Binders,Corporate,East,India,Demo City 16,342.73,9,0.05,85.97,Second Class
DEMO-01967,2025-05-23,2025-05-30,Office Supplies,Storage,Corporate,West,United States,Demo City 2,141.42,8,0.0,50.57,Standard Class
DEMO-01968,2025-10-08,2025-10-12,Office Supplies,Storage,Corporate,East,India,Demo City 1,271.51,2,0.3,24.54,Second Class
DEMO-01969,2023-01-27,2023-02-03,Technology,Accessories,Home Office,North,United Kingdom,Demo City 21,1507.63,11,0.05,301.52,Second Class
DEMO-01970,2025-09-24,2025-09-30,Office Supplies,Paper,Consumer,South,Brazil,Demo City 4,1831.94,9,0.1,298.79,First Class
DEMO-01971,2025-09-30,2025-10-05,Furniture,Chairs,Consumer,West,United States,Demo City 13,314.02,5,0.3,-41.08,Second Class
DEMO-01972,2025-06-22,2025-06-23,Furniture,Bookcases,Corporate,North,United Kingdom,Demo City 27,714.93,5,0.3,-182.93,Same Day
DEMO-01973,2023-09-21,2023-09-22,Office Supplies,Storage,Corporate,East,India,Demo City 27,355.74,10,0.5,-29.16,Second Class
DEMO-01974,2025-03-17,2025-03-24,Furniture,Bookcases,Consumer,West,Germany,Demo City 30,521.45,8,0.2,84.82,Second Class
DEMO-01975,2023-05-19,2023-05-21,Office Supplies,Binders,Consumer,East,Japan,Demo City 3,136.73,4,0.2,15.23,Standard Class
DEMO-01976,2025-01-18,2025-01-24,Technology,Accessories,Consumer,South,Brazil,Demo City 27,31.1,2,0.05,2.21,First Class
DEMO-01977,2025-08-04,2025-08-06,Technology,Accessories,Corporate,North,Canada,Demo City 9,790.98,5,0.1,104.99,Same Day
DEMO-01978,2023-12-18,2023-12-19,Technology,Accessories,Home Office,North,Canada,Demo City 23,334.16,9,0.0,73.75,Standard Class
DEMO-01979,2024-04-15,2024-04-18,Technology,Accessories,Consumer,East,Japan,Demo City 7,657.01,7,0.3,26.33,First Class
DEMO-01980,2023-04-22,2023-04-29,Furniture,Chairs,Corporate,South,Brazil,Demo City 27,26.58,1,0.5,-3.94,First Class
DEMO-01981,2025-03-23,2025-03-25,Technology,Phones,Consumer,North,United Kingdom,Demo City 21,228.43,5,0.2,-24.04,Standard Class
DEMO-01982,2025-01-19,2025-01-23,Office Supplies,Binders,Consumer,South,Brazil,Demo City 7,64.61,3,0.2,-5.06,Second Class
DEMO-01983,2024-12-08,2024-12-13,Technology,Accessories,Home Office,West,United States,Demo City 19,256.8,8,0.2,70.57,Second Class
DEMO-01984,2024-07-05,2024-07-08,Technology,Phones,Home Office,West,United States,Demo City 3,241.32,7,0.0,23.0,First Class
DEMO-01985,2024-01-01,2024-01-02,Office Supplies,Storage,Home Office,South,Brazil,Demo City 16,79.7,6,0.2,4.28,Standard Class
DEMO-01986,2025-09-19,2025-09-25,Office Supplies,Paper,Corporate,North,Canada,Demo City 29,324.64,8,0.0,45.36,Standard Class
DEMO-01987,2024-11-20,2024-11-24,Office Supplies,Storage,Corporate,South,Australia,Demo City 20,85.5,3,0.5,-27.45,Same Day
DEMO-01988,2025-04-05,2025-04-07,Office Supplies,Storage,Consumer,South,Brazil,Demo City 23,282.17,9,0.1,104.03,Standard Class
DEMO-01989,2025-02-06,2025-02-09,Office Supplies,Binders,Corporate,West,Germany,Demo City 19,610.5,9,0.0,185.26,First Class
DEMO-01990,2025-01-18,2025-01-23,Technology,Accessories,Home Office,North,Canada,Demo City 23,284.52,6,0.0,75.71,Standard Class
DEMO-01991,2023-11-08,2023-11-14,Office Supplies,Paper,Home Office,East,India,Demo City 23,120.71,11,0.2,-14.0,First Class
DEMO-01992,2023-04-30,2023-05-02,Technology,Accessories,Home Office,South,Brazil,Demo City 21,161.95,11,0.3,14.57,Standard Class
DEMO-01993,2025-04-13,2025-04-15,Technology,Phones,Consumer,South,Australia,Demo City 7,129.4,6,0.0,2.03,Same Day
DEMO-01994,2023-11-05,2023-11-11,Office Supplies,Paper,Corporate,East,Japan,Demo City 20,351.37,6,0.05,42.61,Same Day
DEMO-01995,2024-07-20,2024-07-26,Furniture,Bookcases,Corporate,East,Japan,Demo City 22,368.43,5,0.5,30.5,First Class
DEMO-01996,2024-05-05,2024-05-07,Office Supplies,Paper,Home Office,North,United Kingdom,Demo City 10,134.63,7,0.05,31.91,Second Class
DEMO-01997,2023-05-24,2023-05-29,Furniture,Bookcases,Corporate,North,United Kingdom,Demo City 3,15.92,1,0.1,5.53,Standard Class
DEMO-01998,2024-01-23,2024-01-28,Office Supplies,Paper,Home Office,South,Brazil,Demo City 10,41.77,2,0.0,8.84,Same Day
DEMO-01999,2024-12-10,2024-12-12,Office Supplies,Storage,Home Office,East,India,Demo City 2,210.82,4,0.0,49.05,Standard Class
DEMO-02000,2023-12-23,2023-12-30,Office Supplies,Storage,Home Office,North,Canada,Demo City 18,512.12,11,0.05,62.16,Second Class
